[0511月2025 15:34:16.754] [main/INFO] [cpw.mods.modlauncher.Launcher/MODLAUNCHER]: ModLauncher running: args [--username, God_xiyu, --version, 1.20.1-Forge, --gameDir, /home/xiyu/.local/share/SJMCL/.minecraft/versions/1.20.1-Forge, --assetsDir, /home/xiyu/.local/share/SJMCL/.minecraft/assets, --assetIndex, 5, --uuid, 89d586d8-4c10-4870-98b9-1ddc70894888, --accessToken, ❄❄❄❄❄❄❄❄, --clientId, , --xuid, , --userType, msa, --versionType, SJMCL 0.4.4, --width, 1280, --height, 720, --quickPlayPath, , --launchTarget, forgeclient, --fml.forgeVersion, 47.4.10, --fml.mcVersion, 1.20.1, --fml.forgeGroup, net.minecraftforge, --fml.mcpVersion, 20230612.114412]
[0511月2025 15:34:16.758] [main/INFO] [cpw.mods.modlauncher.Launcher/MODLAUNCHER]: ModLauncher 10.0.9+10.0.9+main.dcd20f30 starting: java version 17.0.16 by Microsoft; OS Linux arch amd64 version 6.14.0-34-generic
[0511月2025 15:34:16.776] [main/DEBUG] [cpw.mods.modlauncher.LaunchServiceHandler/MODLAUNCHER]: Found launch services [fmlclientdev,forgeclient,minecraft,forgegametestserverdev,fmlserveruserdev,fmlclient,fmldatauserdev,forgeserverdev,forgeserveruserdev,forgeclientdev,forgeclientuserdev,forgeserver,forgedatadev,fmlserver,fmlclientuserdev,fmlserverdev,forgedatauserdev,testharness,forgegametestserveruserdev]
[0511月2025 15:34:16.786] [main/DEBUG] [cpw.mods.modlauncher.NameMappingServiceHandler/MODLAUNCHER]: Found naming services : [srgtomcp]
[0511月2025 15:34:16.797] [main/DEBUG] [cpw.mods.modlauncher.LaunchPluginHandler/MODLAUNCHER]: Found launch plugins: [mixin,eventbus,slf4jfixer,object_holder_definalize,runtime_enum_extender,capability_token_subclass,accesstransformer,runtimedistcleaner]
[0511月2025 15:34:16.804] [main/DEBUG] [cpw.mods.modlauncher.TransformationServicesHandler/MODLAUNCHER]: Discovering transformation services
[0511月2025 15:34:16.808] [main/DEBUG] [net.minecraftforge.fml.loading.FMLPaths/CORE]: Path GAMEDIR is /home/xiyu/.local/share/SJMCL/.minecraft/versions/1.20.1-Forge
[0511月2025 15:34:16.808] [main/DEBUG] [net.minecraftforge.fml.loading.FMLPaths/CORE]: Path MODSDIR is /home/xiyu/.local/share/SJMCL/.minecraft/versions/1.20.1-Forge/mods
[0511月2025 15:34:16.808] [main/DEBUG] [net.minecraftforge.fml.loading.FMLPaths/CORE]: Path CONFIGDIR is /home/xiyu/.local/share/SJMCL/.minecraft/versions/1.20.1-Forge/config
[0511月2025 15:34:16.808] [main/DEBUG] [net.minecraftforge.fml.loading.FMLPaths/CORE]: Path FMLCONFIG is /home/xiyu/.local/share/SJMCL/.minecraft/versions/1.20.1-Forge/config/fml.toml
[0511月2025 15:34:16.835] [main/DEBUG] [cpw.mods.modlauncher.TransformationServicesHandler/MODLAUNCHER]: Found additional transformation services from discovery services: 
[0511月2025 15:34:16.839] [main/INFO] [net.minecraftforge.fml.loading.ImmediateWindowHandler/]: Loading ImmediateWindowProvider fmlearlywindow
[0511月2025 15:34:16.900] [main/INFO] [EARLYDISPLAY/]: Trying GL version 4.6
[0511月2025 15:34:16.972] [main/INFO] [EARLYDISPLAY/]: Requested GL version 4.6 got version 4.6
[0511月2025 15:34:17.037] [main/DEBUG] [cpw.mods.modlauncher.TransformationServicesHandler/MODLAUNCHER]: Found transformer services : [mixin,fml]
[0511月2025 15:34:17.038] [main/DEBUG] [cpw.mods.modlauncher.TransformationServicesHandler/MODLAUNCHER]: Transformation services loading
[0511月2025 15:34:17.038] [main/DEBUG] [cpw.mods.modlauncher.TransformationServiceDecorator/MODLAUNCHER]: Loading service mixin
[0511月2025 15:34:17.038] [main/DEBUG] [cpw.mods.modlauncher.TransformationServiceDecorator/MODLAUNCHER]: Loaded service mixin
[0511月2025 15:34:17.039] [main/DEBUG] [cpw.mods.modlauncher.TransformationServiceDecorator/MODLAUNCHER]: Loading service fml
[0511月2025 15:34:17.039] [main/DEBUG] [net.minecraftforge.fml.loading.LauncherVersion/CORE]: Found FMLLauncher version 1.0
[0511月2025 15:34:17.040] [main/DEBUG] [net.minecraftforge.fml.loading.FMLLoader/CORE]: FML 1.0 loading
[0511月2025 15:34:17.040] [main/DEBUG] [net.minecraftforge.fml.loading.FMLLoader/CORE]: FML found ModLauncher version : 10.0.9+10.0.9+main.dcd20f30
[0511月2025 15:34:17.040] [main/DEBUG] [net.minecraftforge.fml.loading.FMLLoader/CORE]: Requesting CoreMods to not apply the fix for ASMAPI.findFirstInstructionBefore by default
[0511月2025 15:34:17.041] [main/DEBUG] [net.minecraftforge.fml.loading.FMLLoader/CORE]: FML found AccessTransformer version : 8.0.4+66+master.c09db6d7
[0511月2025 15:34:17.041] [main/DEBUG] [net.minecraftforge.fml.loading.FMLLoader/CORE]: FML found EventBus version : 6.0.5+6.0.5+master.eb8e549b
[0511月2025 15:34:17.041] [main/DEBUG] [net.minecraftforge.fml.loading.FMLLoader/CORE]: Found Runtime Dist Cleaner
[0511月2025 15:34:17.043] [main/DEBUG] [net.minecraftforge.coremod.CoreModEngine/]: CoreMods will preserve legacy behavior of ASMAPI.findFirstInstructionBefore for backwards-compatibility
[0511月2025 15:34:17.043] [main/DEBUG] [net.minecraftforge.fml.loading.FMLLoader/CORE]: FML found CoreMod version : 5.2.4
[0511月2025 15:34:17.043] [main/DEBUG] [net.minecraftforge.fml.loading.FMLLoader/CORE]: Found ForgeSPI package implementation version 7.0.1+7.0.1+master.d2b38bf6
[0511月2025 15:34:17.044] [main/DEBUG] [net.minecraftforge.fml.loading.FMLLoader/CORE]: Found ForgeSPI package specification 5
[0511月2025 15:34:17.044] [main/DEBUG] [cpw.mods.modlauncher.TransformationServiceDecorator/MODLAUNCHER]: Loaded service fml
[0511月2025 15:34:17.044] [main/DEBUG] [cpw.mods.modlauncher.TransformationServicesHandler/MODLAUNCHER]: Configuring option handling for services
[0511月2025 15:34:17.049] [main/DEBUG] [cpw.mods.modlauncher.TransformationServicesHandler/MODLAUNCHER]: Transformation services initializing
[0511月2025 15:34:17.050] [main/DEBUG] [cpw.mods.modlauncher.TransformationServiceDecorator/MODLAUNCHER]: Initializing transformation service mixin
[0511月2025 15:34:17.061] [main/DEBUG] [mixin/]: MixinService [ModLauncher] was successfully booted in cpw.mods.cl.ModuleClassLoader@6279cee3
[0511月2025 15:34:17.073] [main/INFO] [mixin/]: SpongePowered MIXIN Subsystem Version=0.8.5 Source=union:/home/xiyu/.local/share/SJMCL/.minecraft/libraries/org/spongepowered/mixin/0.8.5/mixin-0.8.5.jar%23126!/ Service=ModLauncher Env=CLIENT
[0511月2025 15:34:17.076] [main/DEBUG] [mixin/]: Initialising Mixin Platform Manager
[0511月2025 15:34:17.076] [main/DEBUG] [mixin/]: Adding mixin platform agents for container ModLauncher Root Container(ModLauncher:4f56a0a2)
[0511月2025 15:34:17.077] [main/DEBUG] [mixin/]: Instancing new MixinPlatformAgentMinecraftForge for ModLauncher Root Container(ModLauncher:4f56a0a2)
[0511月2025 15:34:17.076] [pool-2-thread-1/INFO] [EARLYDISPLAY/]: GL info: Mesa Intel(R) Graphics (ARL) GL version 4.6 (Core Profile) Mesa 25.0.7-0ubuntu0.25.04.2, Intel
[0511月2025 15:34:17.077] [main/DEBUG] [mixin/]: MixinPlatformAgentMinecraftForge rejected container ModLauncher Root Container(ModLauncher:4f56a0a2)
[0511月2025 15:34:17.077] [main/DEBUG] [mixin/]: Instancing new MixinPlatformAgentDefault for ModLauncher Root Container(ModLauncher:4f56a0a2)
[0511月2025 15:34:17.078] [main/DEBUG] [mixin/]: MixinPlatformAgentDefault accepted container ModLauncher Root Container(ModLauncher:4f56a0a2)
[0511月2025 15:34:17.080] [main/DEBUG] [cpw.mods.modlauncher.TransformationServiceDecorator/MODLAUNCHER]: Initialized transformation service mixin
[0511月2025 15:34:17.080] [main/DEBUG] [cpw.mods.modlauncher.TransformationServiceDecorator/MODLAUNCHER]: Initializing transformation service fml
[0511月2025 15:34:17.080] [main/DEBUG] [net.minecraftforge.fml.loading.FMLServiceProvider/CORE]: Setting up basic FML game directories
[0511月2025 15:34:17.081] [main/DEBUG] [net.minecraftforge.fml.loading.FMLPaths/CORE]: Path GAMEDIR is /home/xiyu/.local/share/SJMCL/.minecraft/versions/1.20.1-Forge
[0511月2025 15:34:17.081] [main/DEBUG] [net.minecraftforge.fml.loading.FMLPaths/CORE]: Path MODSDIR is /home/xiyu/.local/share/SJMCL/.minecraft/versions/1.20.1-Forge/mods
[0511月2025 15:34:17.081] [main/DEBUG] [net.minecraftforge.fml.loading.FMLPaths/CORE]: Path CONFIGDIR is /home/xiyu/.local/share/SJMCL/.minecraft/versions/1.20.1-Forge/config
[0511月2025 15:34:17.081] [main/DEBUG] [net.minecraftforge.fml.loading.FMLPaths/CORE]: Path FMLCONFIG is /home/xiyu/.local/share/SJMCL/.minecraft/versions/1.20.1-Forge/config/fml.toml
[0511月2025 15:34:17.082] [main/DEBUG] [net.minecraftforge.fml.loading.FMLServiceProvider/CORE]: Loading configuration
[0511月2025 15:34:17.084] [main/DEBUG] [net.minecraftforge.fml.loading.FMLServiceProvider/CORE]: Preparing ModFile
[0511月2025 15:34:17.086] [main/DEBUG] [net.minecraftforge.fml.loading.FMLServiceProvider/CORE]: Preparing launch handler
[0511月2025 15:34:17.086] [main/DEBUG] [net.minecraftforge.fml.loading.FMLLoader/CORE]: Using forgeclient as launch service
[0511月2025 15:34:17.096] [main/DEBUG] [net.minecraftforge.fml.loading.FMLLoader/CORE]: Received command line version data  : VersionInfo[forgeVersion=47.4.10, mcVersion=1.20.1, mcpVersion=20230612.114412, forgeGroup=net.minecraftforge]
[0511月2025 15:34:17.098] [main/DEBUG] [cpw.mods.modlauncher.TransformationServiceDecorator/MODLAUNCHER]: Initialized transformation service fml
[0511月2025 15:34:17.098] [main/DEBUG] [cpw.mods.modlauncher.NameMappingServiceHandler/MODLAUNCHER]: Current naming domain is 'srg'
[0511月2025 15:34:17.099] [main/DEBUG] [cpw.mods.modlauncher.NameMappingServiceHandler/MODLAUNCHER]: Identified name mapping providers {}
[0511月2025 15:34:17.099] [main/DEBUG] [cpw.mods.modlauncher.TransformationServicesHandler/MODLAUNCHER]: Transformation services begin scanning
[0511月2025 15:34:17.099] [main/DEBUG] [cpw.mods.modlauncher.TransformationServiceDecorator/MODLAUNCHER]: Beginning scan trigger - transformation service mixin
[0511月2025 15:34:17.099] [main/DEBUG] [cpw.mods.modlauncher.TransformationServiceDecorator/MODLAUNCHER]: End scan trigger - transformation service mixin
[0511月2025 15:34:17.100] [main/DEBUG] [cpw.mods.modlauncher.TransformationServiceDecorator/MODLAUNCHER]: Beginning scan trigger - transformation service fml
[0511月2025 15:34:17.100] [main/DEBUG] [net.minecraftforge.fml.loading.FMLServiceProvider/CORE]: Initiating mod scan
[0511月2025 15:34:17.110] [main/DEBUG] [net.minecraftforge.fml.loading.moddiscovery.ModListHandler/CORE]: Found mod coordinates from lists: []
[0511月2025 15:34:17.114] [main/DEBUG] [net.minecraftforge.fml.loading.moddiscovery.ModDiscoverer/CORE]: Found Mod Locators : (mods folder:null),(maven libs:null),(exploded directory:null),(minecraft:null),(userdev classpath:null)
[0511月2025 15:34:17.115] [main/DEBUG] [net.minecraftforge.fml.loading.moddiscovery.ModDiscoverer/CORE]: Found Dependency Locators : (JarInJar:null)
[0511月2025 15:34:17.120] [main/DEBUG] [net.minecraftforge.fml.loading.moddiscovery.ModFileParser/LOADING]: Considering mod file candidate /home/xiyu/.local/share/SJMCL/.minecraft/versions/1.20.1-Forge/mods/copper_friend_backport-1.0.jar
[0511月2025 15:34:17.146] [main/DEBUG] [net.minecraftforge.fml.loading.moddiscovery.ModFileInfo/LOADING]: Found valid mod file copper_friend_backport-1.0.jar with {copper_friend_backport} mods - versions {1.0}
[0511月2025 15:34:17.249] [main/DEBUG] [net.minecraftforge.fml.loading.moddiscovery.ModFileInfo/LOADING]: Found valid mod file client-1.20.1-20230612.114412-srg.jar with {minecraft} mods - versions {1.20.1}
[0511月2025 15:34:17.251] [main/DEBUG] [net.minecraftforge.fml.loading.moddiscovery.ModFileParser/LOADING]: Considering mod file candidate /home/xiyu/.local/share/SJMCL/.minecraft/libraries/net/minecraftforge/fmlcore/1.20.1-47.4.10/fmlcore-1.20.1-47.4.10.jar
[0511月2025 15:34:17.252] [main/WARN] [net.minecraftforge.fml.loading.moddiscovery.ModFileParser/LOADING]: Mod file /home/xiyu/.local/share/SJMCL/.minecraft/libraries/net/minecraftforge/fmlcore/1.20.1-47.4.10/fmlcore-1.20.1-47.4.10.jar is missing mods.toml file
[0511月2025 15:34:17.252] [main/DEBUG] [net.minecraftforge.fml.loading.moddiscovery.ModFileParser/LOADING]: Considering mod file candidate /home/xiyu/.local/share/SJMCL/.minecraft/libraries/net/minecraftforge/javafmllanguage/1.20.1-47.4.10/javafmllanguage-1.20.1-47.4.10.jar
[0511月2025 15:34:17.253] [main/WARN] [net.minecraftforge.fml.loading.moddiscovery.ModFileParser/LOADING]: Mod file /home/xiyu/.local/share/SJMCL/.minecraft/libraries/net/minecraftforge/javafmllanguage/1.20.1-47.4.10/javafmllanguage-1.20.1-47.4.10.jar is missing mods.toml file
[0511月2025 15:34:17.253] [main/DEBUG] [net.minecraftforge.fml.loading.moddiscovery.ModFileParser/LOADING]: Considering mod file candidate /home/xiyu/.local/share/SJMCL/.minecraft/libraries/net/minecraftforge/lowcodelanguage/1.20.1-47.4.10/lowcodelanguage-1.20.1-47.4.10.jar
[0511月2025 15:34:17.253] [main/WARN] [net.minecraftforge.fml.loading.moddiscovery.ModFileParser/LOADING]: Mod file /home/xiyu/.local/share/SJMCL/.minecraft/libraries/net/minecraftforge/lowcodelanguage/1.20.1-47.4.10/lowcodelanguage-1.20.1-47.4.10.jar is missing mods.toml file
[0511月2025 15:34:17.254] [main/DEBUG] [net.minecraftforge.fml.loading.moddiscovery.ModFileParser/LOADING]: Considering mod file candidate /home/xiyu/.local/share/SJMCL/.minecraft/libraries/net/minecraftforge/mclanguage/1.20.1-47.4.10/mclanguage-1.20.1-47.4.10.jar
[0511月2025 15:34:17.254] [main/WARN] [net.minecraftforge.fml.loading.moddiscovery.ModFileParser/LOADING]: Mod file /home/xiyu/.local/share/SJMCL/.minecraft/libraries/net/minecraftforge/mclanguage/1.20.1-47.4.10/mclanguage-1.20.1-47.4.10.jar is missing mods.toml file
[0511月2025 15:34:17.273] [main/DEBUG] [net.minecraftforge.fml.loading.moddiscovery.ModFileParser/LOADING]: Considering mod file candidate /home/xiyu/.local/share/SJMCL/.minecraft/libraries/net/minecraftforge/forge/1.20.1-47.4.10/forge-1.20.1-47.4.10-universal.jar
[0511月2025 15:34:17.275] [main/DEBUG] [net.minecraftforge.fml.loading.moddiscovery.ModFileInfo/LOADING]: Found valid mod file forge-1.20.1-47.4.10-universal.jar with {forge} mods - versions {47.4.10}
[0511月2025 15:34:17.282] [main/DEBUG] [net.minecraftforge.fml.loading.moddiscovery.AbstractJarFileDependencyLocator/]: Failed to load resource META-INF/jarjar/metadata.json from client-1.20.1-20230612.114412-srg.jar, it does not contain dependency information.
[0511月2025 15:34:17.282] [main/DEBUG] [net.minecraftforge.fml.loading.moddiscovery.AbstractJarFileDependencyLocator/]: Failed to load resource META-INF/jarjar/metadata.json from forge-1.20.1-47.4.10-universal.jar, it does not contain dependency information.
[0511月2025 15:34:17.282] [main/DEBUG] [net.minecraftforge.fml.loading.moddiscovery.AbstractJarFileDependencyLocator/]: Failed to load resource META-INF/jarjar/metadata.json from copper_friend_backport-1.0.jar, it does not contain dependency information.
[0511月2025 15:34:17.282] [main/DEBUG] [net.minecraftforge.fml.loading.moddiscovery.AbstractJarFileDependencyLocator/]: Failed to load resource META-INF/jarjar/metadata.json from mclanguage-1.20.1-47.4.10.jar, it does not contain dependency information.
[0511月2025 15:34:17.282] [main/DEBUG] [net.minecraftforge.fml.loading.moddiscovery.AbstractJarFileDependencyLocator/]: Failed to load resource META-INF/jarjar/metadata.json from javafmllanguage-1.20.1-47.4.10.jar, it does not contain dependency information.
[0511月2025 15:34:17.282] [main/DEBUG] [net.minecraftforge.fml.loading.moddiscovery.AbstractJarFileDependencyLocator/]: Failed to load resource META-INF/jarjar/metadata.json from fmlcore-1.20.1-47.4.10.jar, it does not contain dependency information.
[0511月2025 15:34:17.283] [main/DEBUG] [net.minecraftforge.fml.loading.moddiscovery.AbstractJarFileDependencyLocator/]: Failed to load resource META-INF/jarjar/metadata.json from lowcodelanguage-1.20.1-47.4.10.jar, it does not contain dependency information.
[0511月2025 15:34:17.304] [main/INFO] [net.minecraftforge.fml.loading.moddiscovery.JarInJarDependencyLocator/]: No dependencies to load found. Skipping!
[0511月2025 15:34:17.306] [main/DEBUG] [net.minecraftforge.fml.loading.moddiscovery.ModFileInfo/LOADING]: Found valid mod file client-1.20.1-20230612.114412-srg.jar with {minecraft} mods - versions {1.20.1}
[0511月2025 15:34:17.307] [main/DEBUG] [net.minecraftforge.fml.loading.moddiscovery.ModFile/LOADING]: Loading mod file /home/xiyu/.local/share/SJMCL/.minecraft/libraries/net/minecraft/client/1.20.1-20230612.114412/client-1.20.1-20230612.114412-srg.jar with languages [LanguageSpec[languageName=minecraft, acceptedVersions=1]]
[0511月2025 15:34:17.308] [main/DEBUG] [net.minecraftforge.fml.loading.moddiscovery.ModFileParser/LOADING]: Considering mod file candidate /home/xiyu/.local/share/SJMCL/.minecraft/libraries/net/minecraftforge/forge/1.20.1-47.4.10/forge-1.20.1-47.4.10-universal.jar
[0511月2025 15:34:17.308] [main/DEBUG] [net.minecraftforge.fml.loading.moddiscovery.ModFileInfo/LOADING]: Found valid mod file forge-1.20.1-47.4.10-universal.jar with {forge} mods - versions {47.4.10}
[0511月2025 15:34:17.308] [main/DEBUG] [net.minecraftforge.fml.loading.moddiscovery.ModFile/LOADING]: Loading mod file /home/xiyu/.local/share/SJMCL/.minecraft/libraries/net/minecraftforge/forge/1.20.1-47.4.10/forge-1.20.1-47.4.10-universal.jar with languages [LanguageSpec[languageName=javafml, acceptedVersions=[24,]]]
[0511月2025 15:34:17.329] [main/DEBUG] [net.minecraftforge.fml.loading.moddiscovery.ModFileParser/LOADING]: Found coremod field_to_method with Javascript path coremods/field_to_method.js
[0511月2025 15:34:17.329] [main/DEBUG] [net.minecraftforge.fml.loading.moddiscovery.ModFileParser/LOADING]: Found coremod field_to_instanceof with Javascript path coremods/field_to_instanceof.js
[0511月2025 15:34:17.329] [main/DEBUG] [net.minecraftforge.fml.loading.moddiscovery.ModFileParser/LOADING]: Found coremod add_bouncer_method with Javascript path coremods/add_bouncer_method.js
[0511月2025 15:34:17.329] [main/DEBUG] [net.minecraftforge.fml.loading.moddiscovery.ModFileParser/LOADING]: Found coremod method_redirector with Javascript path coremods/method_redirector.js
[0511月2025 15:34:17.329] [main/DEBUG] [net.minecraftforge.fml.loading.moddiscovery.ModFile/LOADING]: Found coremod coremods/field_to_method.js
[0511月2025 15:34:17.329] [main/DEBUG] [net.minecraftforge.fml.loading.moddiscovery.ModFile/LOADING]: Found coremod coremods/field_to_instanceof.js
[0511月2025 15:34:17.329] [main/DEBUG] [net.minecraftforge.fml.loading.moddiscovery.ModFile/LOADING]: Found coremod coremods/add_bouncer_method.js
[0511月2025 15:34:17.330] [main/DEBUG] [net.minecraftforge.fml.loading.moddiscovery.ModFile/LOADING]: Found coremod coremods/method_redirector.js
[0511月2025 15:34:17.330] [main/DEBUG] [net.minecraftforge.fml.loading.moddiscovery.ModFileParser/LOADING]: Considering mod file candidate /home/xiyu/.local/share/SJMCL/.minecraft/versions/1.20.1-Forge/mods/copper_friend_backport-1.0.jar
[0511月2025 15:34:17.330] [main/DEBUG] [net.minecraftforge.fml.loading.moddiscovery.ModFileInfo/LOADING]: Found valid mod file copper_friend_backport-1.0.jar with {copper_friend_backport} mods - versions {1.0}
[0511月2025 15:34:17.331] [main/DEBUG] [net.minecraftforge.fml.loading.moddiscovery.ModFile/LOADING]: Loading mod file /home/xiyu/.local/share/SJMCL/.minecraft/versions/1.20.1-Forge/mods/copper_friend_backport-1.0.jar with languages [LanguageSpec[languageName=javafml, acceptedVersions=[47,)]]
[0511月2025 15:34:17.331] [main/DEBUG] [cpw.mods.modlauncher.TransformationServiceDecorator/MODLAUNCHER]: End scan trigger - transformation service fml
[0511月2025 15:34:17.338] [main/DEBUG] [net.minecraftforge.fml.loading.LanguageLoadingProvider/CORE]: Found 3 language providers
[0511月2025 15:34:17.338] [main/DEBUG] [net.minecraftforge.fml.loading.LanguageLoadingProvider/CORE]: Found language provider minecraft, version 1.0
[0511月2025 15:34:17.339] [main/DEBUG] [net.minecraftforge.fml.loading.LanguageLoadingProvider/CORE]: Found language provider lowcodefml, version 47
[0511月2025 15:34:17.339] [main/DEBUG] [net.minecraftforge.fml.loading.LanguageLoadingProvider/CORE]: Found language provider javafml, version 47
[0511月2025 15:34:17.342] [main/DEBUG] [net.minecraftforge.fml.loading.ModSorter/]: Configured system mods: [minecraft, forge]
[0511月2025 15:34:17.342] [main/DEBUG] [net.minecraftforge.fml.loading.ModSorter/]: Found system mod: minecraft
[0511月2025 15:34:17.342] [main/DEBUG] [net.minecraftforge.fml.loading.ModSorter/]: Found system mod: forge
[0511月2025 15:34:17.343] [main/DEBUG] [net.minecraftforge.fml.loading.ModSorter/LOADING]: Found 2 mod requirements (2 mandatory, 0 optional)
[0511月2025 15:34:17.343] [main/DEBUG] [net.minecraftforge.fml.loading.ModSorter/LOADING]: Found 0 mod requirements missing (0 mandatory, 0 optional)
[0511月2025 15:34:17.572] [main/DEBUG] [cpw.mods.modlauncher.TransformationServicesHandler/MODLAUNCHER]: Transformation services loading transformers
[0511月2025 15:34:17.573] [main/DEBUG] [cpw.mods.modlauncher.TransformationServiceDecorator/MODLAUNCHER]: Initializing transformers for transformation service mixin
[0511月2025 15:34:17.573] [main/DEBUG] [cpw.mods.modlauncher.TransformationServiceDecorator/MODLAUNCHER]: Initialized transformers for transformation service mixin
[0511月2025 15:34:17.573] [main/DEBUG] [cpw.mods.modlauncher.TransformationServiceDecorator/MODLAUNCHER]: Initializing transformers for transformation service fml
[0511月2025 15:34:17.573] [main/DEBUG] [net.minecraftforge.fml.loading.FMLServiceProvider/CORE]: Loading coremod transformers
[0511月2025 15:34:17.573] [main/DEBUG] [net.minecraftforge.coremod.CoreModEngine/COREMOD]: Loading CoreMod from coremods/field_to_method.js
[0511月2025 15:34:17.717] [main/DEBUG] [net.minecraftforge.coremod.CoreModEngine/COREMOD]: CoreMod loaded successfully
[0511月2025 15:34:17.717] [main/DEBUG] [net.minecraftforge.coremod.CoreModEngine/COREMOD]: Loading CoreMod from coremods/field_to_instanceof.js
[0511月2025 15:34:17.773] [main/DEBUG] [net.minecraftforge.coremod.CoreModEngine/COREMOD]: CoreMod loaded successfully
[0511月2025 15:34:17.774] [main/DEBUG] [net.minecraftforge.coremod.CoreModEngine/COREMOD]: Loading CoreMod from coremods/add_bouncer_method.js
[0511月2025 15:34:17.807] [main/DEBUG] [net.minecraftforge.coremod.CoreModEngine/COREMOD]: CoreMod loaded successfully
[0511月2025 15:34:17.808] [main/DEBUG] [net.minecraftforge.coremod.CoreModEngine/COREMOD]: Loading CoreMod from coremods/method_redirector.js
[0511月2025 15:34:17.867] [main/DEBUG] [net.minecraftforge.coremod.CoreModEngine/COREMOD]: CoreMod loaded successfully
[0511月2025 15:34:17.876] [main/DEBUG] [cpw.mods.modlauncher.TransformStore/MODLAUNCHER]: Adding transformer net.minecraftforge.coremod.transformer.CoreModClassTransformer@43c87306 to Target : CLASS {Lnet/minecraft/world/level/biome/Biome;} {} {V}
[0511月2025 15:34:17.877] [main/DEBUG] [cpw.mods.modlauncher.TransformStore/MODLAUNCHER]: Adding transformer net.minecraftforge.coremod.transformer.CoreModClassTransformer@2e09c51 to Target : CLASS {Lnet/minecraft/world/level/levelgen/structure/Structure;} {} {V}
[0511月2025 15:34:17.877] [main/DEBUG] [cpw.mods.modlauncher.TransformStore/MODLAUNCHER]: Adding transformer net.minecraftforge.coremod.transformer.CoreModClassTransformer@869d87c to Target : CLASS {Lnet/minecraft/world/effect/MobEffectInstance;} {} {V}
[0511月2025 15:34:17.877] [main/DEBUG] [cpw.mods.modlauncher.TransformStore/MODLAUNCHER]: Adding transformer net.minecraftforge.coremod.transformer.CoreModClassTransformer@2f3166a to Target : CLASS {Lnet/minecraft/world/level/block/LiquidBlock;} {} {V}
[0511月2025 15:34:17.878] [main/DEBUG] [cpw.mods.modlauncher.TransformStore/MODLAUNCHER]: Adding transformer net.minecraftforge.coremod.transformer.CoreModClassTransformer@37637a24 to Target : CLASS {Lnet/minecraft/world/item/BucketItem;} {} {V}
[0511月2025 15:34:17.878] [main/DEBUG] [cpw.mods.modlauncher.TransformStore/MODLAUNCHER]: Adding transformer net.minecraftforge.coremod.transformer.CoreModClassTransformer@31e76a8d to Target : CLASS {Lnet/minecraft/world/level/block/StairBlock;} {} {V}
[0511月2025 15:34:17.878] [main/DEBUG] [cpw.mods.modlauncher.TransformStore/MODLAUNCHER]: Adding transformer net.minecraftforge.coremod.transformer.CoreModClassTransformer@770beef5 to Target : CLASS {Lnet/minecraft/world/level/block/FlowerPotBlock;} {} {V}
[0511月2025 15:34:17.878] [main/DEBUG] [cpw.mods.modlauncher.TransformStore/MODLAUNCHER]: Adding transformer net.minecraftforge.coremod.transformer.CoreModClassTransformer@6dd1f638 to Target : CLASS {Lnet/minecraft/world/item/ItemStack;} {} {V}
[0511月2025 15:34:17.878] [main/DEBUG] [cpw.mods.modlauncher.TransformStore/MODLAUNCHER]: Adding transformer net.minecraftforge.coremod.transformer.CoreModClassTransformer@414f13fc to Target : CLASS {Lnet/minecraft/network/play/client/CClientSettingsPacket;} {} {V}
[0511月2025 15:34:17.878] [main/DEBUG] [cpw.mods.modlauncher.TransformStore/MODLAUNCHER]: Adding transformer net.minecraftforge.coremod.transformer.CoreModClassTransformer@4b76aa5a to Target : CLASS {Lnet/minecraft/world/entity/monster/Spider;} {} {V}
[0511月2025 15:34:17.878] [main/DEBUG] [cpw.mods.modlauncher.TransformStore/MODLAUNCHER]: Adding transformer net.minecraftforge.coremod.transformer.CoreModClassTransformer@4b76aa5a to Target : CLASS {Lnet/minecraft/world/entity/npc/CatSpawner;} {} {V}
[0511月2025 15:34:17.878] [main/DEBUG] [cpw.mods.modlauncher.TransformStore/MODLAUNCHER]: Adding transformer net.minecraftforge.coremod.transformer.CoreModClassTransformer@4b76aa5a to Target : CLASS {Lnet/minecraft/world/entity/animal/frog/Tadpole;} {} {V}
[0511月2025 15:34:17.879] [main/DEBUG] [cpw.mods.modlauncher.TransformStore/MODLAUNCHER]: Adding transformer net.minecraftforge.coremod.transformer.CoreModClassTransformer@4b76aa5a to Target : CLASS {Lnet/minecraft/server/commands/SummonCommand;} {} {V}
[0511月2025 15:34:17.879] [main/DEBUG] [cpw.mods.modlauncher.TransformStore/MODLAUNCHER]: Adding transformer net.minecraftforge.coremod.transformer.CoreModClassTransformer@4b76aa5a to Target : CLASS {Lnet/minecraft/world/entity/monster/Evoker$EvokerSummonSpellGoal;} {} {V}
[0511月2025 15:34:17.879] [main/DEBUG] [cpw.mods.modlauncher.TransformStore/MODLAUNCHER]: Adding transformer net.minecraftforge.coremod.transformer.CoreModClassTransformer@4b76aa5a to Target : CLASS {Lnet/minecraft/world/level/levelgen/structure/structures/SwampHutPiece;} {} {V}
[0511月2025 15:34:17.879] [main/DEBUG] [cpw.mods.modlauncher.TransformStore/MODLAUNCHER]: Adding transformer net.minecraftforge.coremod.transformer.CoreModClassTransformer@4b76aa5a to Target : CLASS {Lnet/minecraft/world/entity/monster/Zombie;} {} {V}
[0511月2025 15:34:17.879] [main/DEBUG] [cpw.mods.modlauncher.TransformStore/MODLAUNCHER]: Adding transformer net.minecraftforge.coremod.transformer.CoreModClassTransformer@4b76aa5a to Target : CLASS {Lnet/minecraft/world/entity/monster/ZombieVillager;} {} {V}
[0511月2025 15:34:17.879] [main/DEBUG] [cpw.mods.modlauncher.TransformStore/MODLAUNCHER]: Adding transformer net.minecraftforge.coremod.transformer.CoreModClassTransformer@4b76aa5a to Target : CLASS {Lnet/minecraft/server/commands/RaidCommand;} {} {V}
[0511月2025 15:34:17.879] [main/DEBUG] [cpw.mods.modlauncher.TransformStore/MODLAUNCHER]: Adding transformer net.minecraftforge.coremod.transformer.CoreModClassTransformer@4b76aa5a to Target : CLASS {Lnet/minecraft/world/entity/ai/village/VillageSiege;} {} {V}
[0511月2025 15:34:17.879] [main/DEBUG] [cpw.mods.modlauncher.TransformStore/MODLAUNCHER]: Adding transformer net.minecraftforge.coremod.transformer.CoreModClassTransformer@4b76aa5a to Target : CLASS {Lnet/minecraft/world/level/levelgen/PatrolSpawner;} {} {V}
[0511月2025 15:34:17.879] [main/DEBUG] [cpw.mods.modlauncher.TransformStore/MODLAUNCHER]: Adding transformer net.minecraftforge.coremod.transformer.CoreModClassTransformer@4b76aa5a to Target : CLASS {Lnet/minecraft/world/entity/npc/Villager;} {} {V}
[0511月2025 15:34:17.879] [main/DEBUG] [cpw.mods.modlauncher.TransformStore/MODLAUNCHER]: Adding transformer net.minecraftforge.coremod.transformer.CoreModClassTransformer@4b76aa5a to Target : CLASS {Lnet/minecraft/world/level/NaturalSpawner;} {} {V}
[0511月2025 15:34:17.880] [main/DEBUG] [cpw.mods.modlauncher.TransformStore/MODLAUNCHER]: Adding transformer net.minecraftforge.coremod.transformer.CoreModClassTransformer@4b76aa5a to Target : CLASS {Lnet/minecraft/world/level/levelgen/structure/structures/WoodlandMansionPieces$WoodlandMansionPiece;} {} {V}
[0511月2025 15:34:17.880] [main/DEBUG] [cpw.mods.modlauncher.TransformStore/MODLAUNCHER]: Adding transformer net.minecraftforge.coremod.transformer.CoreModClassTransformer@4b76aa5a to Target : CLASS {Lnet/minecraft/world/entity/monster/Strider;} {} {V}
[0511月2025 15:34:17.880] [main/DEBUG] [cpw.mods.modlauncher.TransformStore/MODLAUNCHER]: Adding transformer net.minecraftforge.coremod.transformer.CoreModClassTransformer@4b76aa5a to Target : CLASS {Lnet/minecraft/world/level/levelgen/structure/structures/OceanMonumentPieces$OceanMonumentPiece;} {} {V}
[0511月2025 15:34:17.880] [main/DEBUG] [cpw.mods.modlauncher.TransformStore/MODLAUNCHER]: Adding transformer net.minecraftforge.coremod.transformer.CoreModClassTransformer@4b76aa5a to Target : CLASS {Lnet/minecraft/world/entity/EntityType;} {} {V}
[0511月2025 15:34:17.880] [main/DEBUG] [cpw.mods.modlauncher.TransformStore/MODLAUNCHER]: Adding transformer net.minecraftforge.coremod.transformer.CoreModClassTransformer@4b76aa5a to Target : CLASS {Lnet/minecraft/world/level/levelgen/structure/templatesystem/StructureTemplate;} {} {V}
[0511月2025 15:34:17.880] [main/DEBUG] [cpw.mods.modlauncher.TransformStore/MODLAUNCHER]: Adding transformer net.minecraftforge.coremod.transformer.CoreModClassTransformer@4b76aa5a to Target : CLASS {Lnet/minecraft/world/entity/animal/horse/SkeletonTrapGoal;} {} {V}
[0511月2025 15:34:17.880] [main/DEBUG] [cpw.mods.modlauncher.TransformStore/MODLAUNCHER]: Adding transformer net.minecraftforge.coremod.transformer.CoreModClassTransformer@4b76aa5a to Target : CLASS {Lnet/minecraft/world/level/levelgen/structure/structures/OceanRuinPieces$OceanRuinPiece;} {} {V}
[0511月2025 15:34:17.880] [main/DEBUG] [cpw.mods.modlauncher.TransformStore/MODLAUNCHER]: Adding transformer net.minecraftforge.coremod.transformer.CoreModClassTransformer@4b76aa5a to Target : CLASS {Lnet/minecraft/world/entity/raid/Raid;} {} {V}
[0511月2025 15:34:17.880] [main/DEBUG] [cpw.mods.modlauncher.TransformStore/MODLAUNCHER]: Adding transformer net.minecraftforge.coremod.transformer.CoreModClassTransformer@4b76aa5a to Target : CLASS {Lnet/minecraft/world/level/levelgen/PhantomSpawner;} {} {V}
[0511月2025 15:34:17.880] [main/DEBUG] [cpw.mods.modlauncher.TransformationServiceDecorator/MODLAUNCHER]: Initialized transformers for transformation service fml
[0511月2025 15:34:18.073] [main/DEBUG] [mixin/]: Processing prepare() for PlatformAgent[MixinPlatformAgentDefault:ModLauncher Root Container(ModLauncher:4f56a0a2)]
[0511月2025 15:34:18.073] [main/DEBUG] [mixin/]: Processing launch tasks for PlatformAgent[MixinPlatformAgentDefault:ModLauncher Root Container(ModLauncher:4f56a0a2)]
[0511月2025 15:34:18.073] [main/DEBUG] [mixin/]: Adding mixin platform agents for container SecureJarResource(minecraft)
[0511月2025 15:34:18.073] [main/DEBUG] [mixin/]: Instancing new MixinPlatformAgentMinecraftForge for SecureJarResource(minecraft)
[0511月2025 15:34:18.073] [main/DEBUG] [mixin/]: MixinPlatformAgentMinecraftForge rejected container SecureJarResource(minecraft)
[0511月2025 15:34:18.073] [main/DEBUG] [mixin/]: Instancing new MixinPlatformAgentDefault for SecureJarResource(minecraft)
[0511月2025 15:34:18.073] [main/DEBUG] [mixin/]: MixinPlatformAgentDefault accepted container SecureJarResource(minecraft)
[0511月2025 15:34:18.073] [main/DEBUG] [mixin/]: Processing prepare() for PlatformAgent[MixinPlatformAgentDefault:SecureJarResource(minecraft)]
[0511月2025 15:34:18.074] [main/DEBUG] [mixin/]: Adding mixin platform agents for container SecureJarResource(forge)
[0511月2025 15:34:18.074] [main/DEBUG] [mixin/]: Instancing new MixinPlatformAgentMinecraftForge for SecureJarResource(forge)
[0511月2025 15:34:18.074] [main/DEBUG] [mixin/]: MixinPlatformAgentMinecraftForge rejected container SecureJarResource(forge)
[0511月2025 15:34:18.074] [main/DEBUG] [mixin/]: Instancing new MixinPlatformAgentDefault for SecureJarResource(forge)
[0511月2025 15:34:18.074] [main/DEBUG] [mixin/]: MixinPlatformAgentDefault accepted container SecureJarResource(forge)
[0511月2025 15:34:18.074] [main/DEBUG] [mixin/]: Processing prepare() for PlatformAgent[MixinPlatformAgentDefault:SecureJarResource(forge)]
[0511月2025 15:34:18.074] [main/DEBUG] [mixin/]: Adding mixin platform agents for container SecureJarResource(copper_friend_backport)
[0511月2025 15:34:18.074] [main/DEBUG] [mixin/]: Instancing new MixinPlatformAgentMinecraftForge for SecureJarResource(copper_friend_backport)
[0511月2025 15:34:18.075] [main/DEBUG] [mixin/]: MixinPlatformAgentMinecraftForge rejected container SecureJarResource(copper_friend_backport)
[0511月2025 15:34:18.075] [main/DEBUG] [mixin/]: Instancing new MixinPlatformAgentDefault for SecureJarResource(copper_friend_backport)
[0511月2025 15:34:18.075] [main/DEBUG] [mixin/]: MixinPlatformAgentDefault accepted container SecureJarResource(copper_friend_backport)
[0511月2025 15:34:18.075] [main/DEBUG] [mixin/]: Processing prepare() for PlatformAgent[MixinPlatformAgentDefault:SecureJarResource(copper_friend_backport)]
[0511月2025 15:34:18.075] [main/DEBUG] [mixin/]: Registering mixin config: copper_friend_backport.mixins.json
[0511月2025 15:34:18.089] [main/DEBUG] [mixin/]: Compatibility level JAVA_8 specified by copper_friend_backport.mixins.json is lower than the default level supported by the current mixin service (JAVA_16).
[0511月2025 15:34:18.090] [main/DEBUG] [mixin/]: inject() running with 4 agents
[0511月2025 15:34:18.090] [main/DEBUG] [mixin/]: Processing inject() for PlatformAgent[MixinPlatformAgentDefault:ModLauncher Root Container(ModLauncher:4f56a0a2)]
[0511月2025 15:34:18.090] [main/DEBUG] [mixin/]: Processing inject() for PlatformAgent[MixinPlatformAgentDefault:SecureJarResource(minecraft)]
[0511月2025 15:34:18.090] [main/DEBUG] [mixin/]: Processing inject() for PlatformAgent[MixinPlatformAgentDefault:SecureJarResource(forge)]
[0511月2025 15:34:18.090] [main/DEBUG] [mixin/]: Processing inject() for PlatformAgent[MixinPlatformAgentDefault:SecureJarResource(copper_friend_backport)]
[0511月2025 15:34:18.090] [main/INFO] [cpw.mods.modlauncher.LaunchServiceHandler/MODLAUNCHER]: Launching target 'forgeclient' with arguments [--version, 1.20.1-Forge, --gameDir, /home/xiyu/.local/share/SJMCL/.minecraft/versions/1.20.1-Forge, --assetsDir, /home/xiyu/.local/share/SJMCL/.minecraft/assets, --uuid, 89d586d8-4c10-4870-98b9-1ddc70894888, --username, God_xiyu, --assetIndex, 5, --accessToken, ❄❄❄❄❄❄❄❄, --clientId, , --xuid, , --userType, msa, --versionType, SJMCL 0.4.4, --width, 1280, --height, 720, --quickPlayPath, ]
[0511月2025 15:34:18.112] [main/DEBUG] [mixin/]: Error cleaning class output directory: .mixin.out
[0511月2025 15:34:18.113] [main/DEBUG] [mixin/]: Preparing mixins for MixinEnvironment[DEFAULT]
[0511月2025 15:34:18.114] [main/DEBUG] [mixin/]: Selecting config copper_friend_backport.mixins.json
[0511月2025 15:34:18.116] [main/DEBUG] [mixin/]: Preparing copper_friend_backport.mixins.json (1)
[0511月2025 15:34:18.151] [main/DEBUG] [mixin/]: Registering new injector for @Inject with org.spongepowered.asm.mixin.injection.struct.CallbackInjectionInfo
[0511月2025 15:34:18.153] [main/DEBUG] [mixin/]: Registering new injector for @ModifyArg with org.spongepowered.asm.mixin.injection.struct.ModifyArgInjectionInfo
[0511月2025 15:34:18.154] [main/DEBUG] [mixin/]: Registering new injector for @ModifyArgs with org.spongepowered.asm.mixin.injection.struct.ModifyArgsInjectionInfo
[0511月2025 15:34:18.155] [main/DEBUG] [mixin/]: Registering new injector for @Redirect with org.spongepowered.asm.mixin.injection.struct.RedirectInjectionInfo
[0511月2025 15:34:18.156] [main/DEBUG] [mixin/]: Registering new injector for @ModifyVariable with org.spongepowered.asm.mixin.injection.struct.ModifyVariableInjectionInfo
[0511月2025 15:34:18.157] [main/DEBUG] [mixin/]: Registering new injector for @ModifyConstant with org.spongepowered.asm.mixin.injection.struct.ModifyConstantInjectionInfo
[0511月2025 15:34:18.380] [main/DEBUG] [io.netty.util.internal.logging.InternalLoggerFactory/]: Using SLF4J as the default logging framework
[0511月2025 15:34:18.383] [main/DEBUG] [io.netty.util.ResourceLeakDetector/]: -Dio.netty.leakDetection.level: simple
[0511月2025 15:34:18.383] [main/DEBUG] [io.netty.util.ResourceLeakDetector/]: -Dio.netty.leakDetection.targetRecords: 4
[0511月2025 15:34:18.496] [main/DEBUG] [oshi.util.FileUtil/]: No oshi.properties file found from ClassLoader cpw.mods.modlauncher.TransformingClassLoader@3c50ad4b
[0511月2025 15:34:18.531] [main/DEBUG] [oshi.util.FileUtil/]: Reading file /proc/self/auxv
[0511月2025 15:34:18.532] [main/DEBUG] [oshi.util.FileUtil/]: Reading file /proc/self/auxv
[0511月2025 15:34:18.538] [main/DEBUG] [oshi.util.FileUtil/]: Reading file /proc/stat
[0511月2025 15:34:18.563] [main/DEBUG] [oshi.util.FileUtil/]: Reading file /sys/devices/system/cpu/cpu0/topology/core_id
[0511月2025 15:34:18.563] [main/DEBUG] [oshi.util.FileUtil/]: Reading file /sys/devices/system/cpu/cpu0/topology/core_id
[0511月2025 15:34:18.563] [main/DEBUG] [oshi.util.FileUtil/]: Reading file /sys/devices/system/cpu/cpu0/topology/physical_package_id
[0511月2025 15:34:18.563] [main/DEBUG] [oshi.util.FileUtil/]: Reading file /sys/devices/system/cpu/cpu0/topology/physical_package_id
[0511月2025 15:34:18.564] [main/DEBUG] [oshi.util.FileUtil/]: Reading file /sys/devices/system/cpu/cpu0/cpu_capacity
[0511月2025 15:34:18.565] [main/DEBUG] [oshi.util.FileUtil/]: Reading file /sys/devices/system/cpu/cpu1/topology/core_id
[0511月2025 15:34:18.565] [main/DEBUG] [oshi.util.FileUtil/]: Reading file /sys/devices/system/cpu/cpu1/topology/core_id
[0511月2025 15:34:18.566] [main/DEBUG] [oshi.util.FileUtil/]: Reading file /sys/devices/system/cpu/cpu1/topology/physical_package_id
[0511月2025 15:34:18.566] [main/DEBUG] [oshi.util.FileUtil/]: Reading file /sys/devices/system/cpu/cpu1/topology/physical_package_id
[0511月2025 15:34:18.566] [main/DEBUG] [oshi.util.FileUtil/]: Reading file /sys/devices/system/cpu/cpu1/cpu_capacity
[0511月2025 15:34:18.566] [main/DEBUG] [oshi.util.FileUtil/]: Reading file /sys/devices/system/cpu/cpu10/topology/core_id
[0511月2025 15:34:18.566] [main/DEBUG] [oshi.util.FileUtil/]: Reading file /sys/devices/system/cpu/cpu10/topology/core_id
[0511月2025 15:34:18.566] [main/DEBUG] [oshi.util.FileUtil/]: Reading file /sys/devices/system/cpu/cpu10/topology/physical_package_id
[0511月2025 15:34:18.567] [main/DEBUG] [oshi.util.FileUtil/]: Reading file /sys/devices/system/cpu/cpu10/topology/physical_package_id
[0511月2025 15:34:18.567] [main/DEBUG] [oshi.util.FileUtil/]: Reading file /sys/devices/system/cpu/cpu10/cpu_capacity
[0511月2025 15:34:18.567] [main/DEBUG] [oshi.util.FileUtil/]: Reading file /sys/devices/system/cpu/cpu11/topology/core_id
[0511月2025 15:34:18.568] [main/DEBUG] [oshi.util.FileUtil/]: Reading file /sys/devices/system/cpu/cpu11/topology/core_id
[0511月2025 15:34:18.568] [main/DEBUG] [oshi.util.FileUtil/]: Reading file /sys/devices/system/cpu/cpu11/topology/physical_package_id
[0511月2025 15:34:18.568] [main/DEBUG] [oshi.util.FileUtil/]: Reading file /sys/devices/system/cpu/cpu11/topology/physical_package_id
[0511月2025 15:34:18.569] [main/DEBUG] [oshi.util.FileUtil/]: Reading file /sys/devices/system/cpu/cpu11/cpu_capacity
[0511月2025 15:34:18.570] [main/DEBUG] [oshi.util.FileUtil/]: Reading file /sys/devices/system/cpu/cpu12/topology/core_id
[0511月2025 15:34:18.571] [main/DEBUG] [oshi.util.FileUtil/]: Reading file /sys/devices/system/cpu/cpu12/topology/core_id
[0511月2025 15:34:18.571] [main/DEBUG] [oshi.util.FileUtil/]: Reading file /sys/devices/system/cpu/cpu12/topology/physical_package_id
[0511月2025 15:34:18.571] [main/DEBUG] [oshi.util.FileUtil/]: Reading file /sys/devices/system/cpu/cpu12/topology/physical_package_id
[0511月2025 15:34:18.571] [main/DEBUG] [oshi.util.FileUtil/]: Reading file /sys/devices/system/cpu/cpu12/cpu_capacity
[0511月2025 15:34:18.572] [main/DEBUG] [oshi.util.FileUtil/]: Reading file /sys/devices/system/cpu/cpu13/topology/core_id
[0511月2025 15:34:18.572] [main/DEBUG] [oshi.util.FileUtil/]: Reading file /sys/devices/system/cpu/cpu13/topology/core_id
[0511月2025 15:34:18.573] [main/DEBUG] [oshi.util.FileUtil/]: Reading file /sys/devices/system/cpu/cpu13/topology/physical_package_id
[0511月2025 15:34:18.573] [main/DEBUG] [oshi.util.FileUtil/]: Reading file /sys/devices/system/cpu/cpu13/topology/physical_package_id
[0511月2025 15:34:18.573] [main/DEBUG] [oshi.util.FileUtil/]: Reading file /sys/devices/system/cpu/cpu13/cpu_capacity
[0511月2025 15:34:18.574] [main/DEBUG] [oshi.util.FileUtil/]: Reading file /sys/devices/system/cpu/cpu14/topology/core_id
[0511月2025 15:34:18.574] [main/DEBUG] [oshi.util.FileUtil/]: Reading file /sys/devices/system/cpu/cpu14/topology/core_id
[0511月2025 15:34:18.574] [main/DEBUG] [oshi.util.FileUtil/]: Reading file /sys/devices/system/cpu/cpu14/topology/physical_package_id
[0511月2025 15:34:18.574] [main/DEBUG] [oshi.util.FileUtil/]: Reading file /sys/devices/system/cpu/cpu14/topology/physical_package_id
[0511月2025 15:34:18.574] [main/DEBUG] [oshi.util.FileUtil/]: Reading file /sys/devices/system/cpu/cpu14/cpu_capacity
[0511月2025 15:34:18.575] [main/DEBUG] [oshi.util.FileUtil/]: Reading file /sys/devices/system/cpu/cpu15/topology/core_id
[0511月2025 15:34:18.575] [main/DEBUG] [oshi.util.FileUtil/]: Reading file /sys/devices/system/cpu/cpu15/topology/core_id
[0511月2025 15:34:18.575] [main/DEBUG] [oshi.util.FileUtil/]: Reading file /sys/devices/system/cpu/cpu15/topology/physical_package_id
[0511月2025 15:34:18.575] [main/DEBUG] [oshi.util.FileUtil/]: Reading file /sys/devices/system/cpu/cpu15/topology/physical_package_id
[0511月2025 15:34:18.576] [main/DEBUG] [oshi.util.FileUtil/]: Reading file /sys/devices/system/cpu/cpu15/cpu_capacity
[0511月2025 15:34:18.576] [main/DEBUG] [oshi.util.FileUtil/]: Reading file /sys/devices/system/cpu/cpu16/topology/core_id
[0511月2025 15:34:18.577] [main/DEBUG] [oshi.util.FileUtil/]: Reading file /sys/devices/system/cpu/cpu16/topology/core_id
[0511月2025 15:34:18.577] [main/DEBUG] [oshi.util.FileUtil/]: Reading file /sys/devices/system/cpu/cpu16/topology/physical_package_id
[0511月2025 15:34:18.577] [main/DEBUG] [oshi.util.FileUtil/]: Reading file /sys/devices/system/cpu/cpu16/topology/physical_package_id
[0511月2025 15:34:18.577] [main/DEBUG] [oshi.util.FileUtil/]: Reading file /sys/devices/system/cpu/cpu16/cpu_capacity
[0511月2025 15:34:18.578] [main/DEBUG] [oshi.util.FileUtil/]: Reading file /sys/devices/system/cpu/cpu17/topology/core_id
[0511月2025 15:34:18.578] [main/DEBUG] [oshi.util.FileUtil/]: Reading file /sys/devices/system/cpu/cpu17/topology/core_id
[0511月2025 15:34:18.578] [main/DEBUG] [oshi.util.FileUtil/]: Reading file /sys/devices/system/cpu/cpu17/topology/physical_package_id
[0511月2025 15:34:18.578] [main/DEBUG] [oshi.util.FileUtil/]: Reading file /sys/devices/system/cpu/cpu17/topology/physical_package_id
[0511月2025 15:34:18.578] [main/DEBUG] [oshi.util.FileUtil/]: Reading file /sys/devices/system/cpu/cpu17/cpu_capacity
[0511月2025 15:34:18.579] [main/DEBUG] [oshi.util.FileUtil/]: Reading file /sys/devices/system/cpu/cpu18/topology/core_id
[0511月2025 15:34:18.579] [main/DEBUG] [oshi.util.FileUtil/]: Reading file /sys/devices/system/cpu/cpu18/topology/core_id
[0511月2025 15:34:18.579] [main/DEBUG] [oshi.util.FileUtil/]: Reading file /sys/devices/system/cpu/cpu18/topology/physical_package_id
[0511月2025 15:34:18.579] [main/DEBUG] [oshi.util.FileUtil/]: Reading file /sys/devices/system/cpu/cpu18/topology/physical_package_id
[0511月2025 15:34:18.580] [main/DEBUG] [oshi.util.FileUtil/]: Reading file /sys/devices/system/cpu/cpu18/cpu_capacity
[0511月2025 15:34:18.580] [main/DEBUG] [oshi.util.FileUtil/]: Reading file /sys/devices/system/cpu/cpu19/topology/core_id
[0511月2025 15:34:18.580] [main/DEBUG] [oshi.util.FileUtil/]: Reading file /sys/devices/system/cpu/cpu19/topology/core_id
[0511月2025 15:34:18.581] [main/DEBUG] [oshi.util.FileUtil/]: Reading file /sys/devices/system/cpu/cpu19/topology/physical_package_id
[0511月2025 15:34:18.581] [main/DEBUG] [oshi.util.FileUtil/]: Reading file /sys/devices/system/cpu/cpu19/topology/physical_package_id
[0511月2025 15:34:18.581] [main/DEBUG] [oshi.util.FileUtil/]: Reading file /sys/devices/system/cpu/cpu19/cpu_capacity
[0511月2025 15:34:18.582] [main/DEBUG] [oshi.util.FileUtil/]: Reading file /sys/devices/system/cpu/cpu2/topology/core_id
[0511月2025 15:34:18.582] [main/DEBUG] [oshi.util.FileUtil/]: Reading file /sys/devices/system/cpu/cpu2/topology/core_id
[0511月2025 15:34:18.582] [main/DEBUG] [oshi.util.FileUtil/]: Reading file /sys/devices/system/cpu/cpu2/topology/physical_package_id
[0511月2025 15:34:18.582] [main/DEBUG] [oshi.util.FileUtil/]: Reading file /sys/devices/system/cpu/cpu2/topology/physical_package_id
[0511月2025 15:34:18.582] [main/DEBUG] [oshi.util.FileUtil/]: Reading file /sys/devices/system/cpu/cpu2/cpu_capacity
[0511月2025 15:34:18.583] [main/DEBUG] [oshi.util.FileUtil/]: Reading file /sys/devices/system/cpu/cpu20/topology/core_id
[0511月2025 15:34:18.583] [main/DEBUG] [oshi.util.FileUtil/]: Reading file /sys/devices/system/cpu/cpu20/topology/core_id
[0511月2025 15:34:18.583] [main/DEBUG] [oshi.util.FileUtil/]: Reading file /sys/devices/system/cpu/cpu20/topology/physical_package_id
[0511月2025 15:34:18.583] [main/DEBUG] [oshi.util.FileUtil/]: Reading file /sys/devices/system/cpu/cpu20/topology/physical_package_id
[0511月2025 15:34:18.583] [main/DEBUG] [oshi.util.FileUtil/]: Reading file /sys/devices/system/cpu/cpu20/cpu_capacity
[0511月2025 15:34:18.585] [main/DEBUG] [oshi.util.FileUtil/]: Reading file /sys/devices/system/cpu/cpu21/topology/core_id
[0511月2025 15:34:18.585] [main/DEBUG] [oshi.util.FileUtil/]: Reading file /sys/devices/system/cpu/cpu21/topology/core_id
[0511月2025 15:34:18.585] [main/DEBUG] [oshi.util.FileUtil/]: Reading file /sys/devices/system/cpu/cpu21/topology/physical_package_id
[0511月2025 15:34:18.585] [main/DEBUG] [oshi.util.FileUtil/]: Reading file /sys/devices/system/cpu/cpu21/topology/physical_package_id
[0511月2025 15:34:18.585] [main/DEBUG] [oshi.util.FileUtil/]: Reading file /sys/devices/system/cpu/cpu21/cpu_capacity
[0511月2025 15:34:18.586] [main/DEBUG] [oshi.util.FileUtil/]: Reading file /sys/devices/system/cpu/cpu22/topology/core_id
[0511月2025 15:34:18.586] [main/DEBUG] [oshi.util.FileUtil/]: Reading file /sys/devices/system/cpu/cpu22/topology/core_id
[0511月2025 15:34:18.586] [main/DEBUG] [oshi.util.FileUtil/]: Reading file /sys/devices/system/cpu/cpu22/topology/physical_package_id
[0511月2025 15:34:18.586] [main/DEBUG] [oshi.util.FileUtil/]: Reading file /sys/devices/system/cpu/cpu22/topology/physical_package_id
[0511月2025 15:34:18.586] [main/DEBUG] [oshi.util.FileUtil/]: Reading file /sys/devices/system/cpu/cpu22/cpu_capacity
[0511月2025 15:34:18.587] [main/DEBUG] [oshi.util.FileUtil/]: Reading file /sys/devices/system/cpu/cpu23/topology/core_id
[0511月2025 15:34:18.587] [main/DEBUG] [oshi.util.FileUtil/]: Reading file /sys/devices/system/cpu/cpu23/topology/core_id
[0511月2025 15:34:18.587] [main/DEBUG] [oshi.util.FileUtil/]: Reading file /sys/devices/system/cpu/cpu23/topology/physical_package_id
[0511月2025 15:34:18.587] [main/DEBUG] [oshi.util.FileUtil/]: Reading file /sys/devices/system/cpu/cpu23/topology/physical_package_id
[0511月2025 15:34:18.587] [main/DEBUG] [oshi.util.FileUtil/]: Reading file /sys/devices/system/cpu/cpu23/cpu_capacity
[0511月2025 15:34:18.588] [main/DEBUG] [oshi.util.FileUtil/]: Reading file /sys/devices/system/cpu/cpu3/topology/core_id
[0511月2025 15:34:18.588] [main/DEBUG] [oshi.util.FileUtil/]: Reading file /sys/devices/system/cpu/cpu3/topology/core_id
[0511月2025 15:34:18.588] [main/DEBUG] [oshi.util.FileUtil/]: Reading file /sys/devices/system/cpu/cpu3/topology/physical_package_id
[0511月2025 15:34:18.588] [main/DEBUG] [oshi.util.FileUtil/]: Reading file /sys/devices/system/cpu/cpu3/topology/physical_package_id
[0511月2025 15:34:18.588] [main/DEBUG] [oshi.util.FileUtil/]: Reading file /sys/devices/system/cpu/cpu3/cpu_capacity
[0511月2025 15:34:18.589] [main/DEBUG] [oshi.util.FileUtil/]: Reading file /sys/devices/system/cpu/cpu4/topology/core_id
[0511月2025 15:34:18.589] [main/DEBUG] [oshi.util.FileUtil/]: Reading file /sys/devices/system/cpu/cpu4/topology/core_id
[0511月2025 15:34:18.589] [main/DEBUG] [oshi.util.FileUtil/]: Reading file /sys/devices/system/cpu/cpu4/topology/physical_package_id
[0511月2025 15:34:18.589] [main/DEBUG] [oshi.util.FileUtil/]: Reading file /sys/devices/system/cpu/cpu4/topology/physical_package_id
[0511月2025 15:34:18.589] [main/DEBUG] [oshi.util.FileUtil/]: Reading file /sys/devices/system/cpu/cpu4/cpu_capacity
[0511月2025 15:34:18.590] [main/DEBUG] [oshi.util.FileUtil/]: Reading file /sys/devices/system/cpu/cpu5/topology/core_id
[0511月2025 15:34:18.590] [main/DEBUG] [oshi.util.FileUtil/]: Reading file /sys/devices/system/cpu/cpu5/topology/core_id
[0511月2025 15:34:18.590] [main/DEBUG] [oshi.util.FileUtil/]: Reading file /sys/devices/system/cpu/cpu5/topology/physical_package_id
[0511月2025 15:34:18.590] [main/DEBUG] [oshi.util.FileUtil/]: Reading file /sys/devices/system/cpu/cpu5/topology/physical_package_id
[0511月2025 15:34:18.590] [main/DEBUG] [oshi.util.FileUtil/]: Reading file /sys/devices/system/cpu/cpu5/cpu_capacity
[0511月2025 15:34:18.591] [main/DEBUG] [oshi.util.FileUtil/]: Reading file /sys/devices/system/cpu/cpu6/topology/core_id
[0511月2025 15:34:18.591] [main/DEBUG] [oshi.util.FileUtil/]: Reading file /sys/devices/system/cpu/cpu6/topology/core_id
[0511月2025 15:34:18.592] [main/DEBUG] [oshi.util.FileUtil/]: Reading file /sys/devices/system/cpu/cpu6/topology/physical_package_id
[0511月2025 15:34:18.592] [main/DEBUG] [oshi.util.FileUtil/]: Reading file /sys/devices/system/cpu/cpu6/topology/physical_package_id
[0511月2025 15:34:18.592] [main/DEBUG] [oshi.util.FileUtil/]: Reading file /sys/devices/system/cpu/cpu6/cpu_capacity
[0511月2025 15:34:18.592] [main/DEBUG] [oshi.util.FileUtil/]: Reading file /sys/devices/system/cpu/cpu7/topology/core_id
[0511月2025 15:34:18.592] [main/DEBUG] [oshi.util.FileUtil/]: Reading file /sys/devices/system/cpu/cpu7/topology/core_id
[0511月2025 15:34:18.593] [main/DEBUG] [oshi.util.FileUtil/]: Reading file /sys/devices/system/cpu/cpu7/topology/physical_package_id
[0511月2025 15:34:18.593] [main/DEBUG] [oshi.util.FileUtil/]: Reading file /sys/devices/system/cpu/cpu7/topology/physical_package_id
[0511月2025 15:34:18.593] [main/DEBUG] [oshi.util.FileUtil/]: Reading file /sys/devices/system/cpu/cpu7/cpu_capacity
[0511月2025 15:34:18.593] [main/DEBUG] [oshi.util.FileUtil/]: Reading file /sys/devices/system/cpu/cpu8/topology/core_id
[0511月2025 15:34:18.594] [main/DEBUG] [oshi.util.FileUtil/]: Reading file /sys/devices/system/cpu/cpu8/topology/core_id
[0511月2025 15:34:18.594] [main/DEBUG] [oshi.util.FileUtil/]: Reading file /sys/devices/system/cpu/cpu8/topology/physical_package_id
[0511月2025 15:34:18.594] [main/DEBUG] [oshi.util.FileUtil/]: Reading file /sys/devices/system/cpu/cpu8/topology/physical_package_id
[0511月2025 15:34:18.594] [main/DEBUG] [oshi.util.FileUtil/]: Reading file /sys/devices/system/cpu/cpu8/cpu_capacity
[0511月2025 15:34:18.595] [main/DEBUG] [oshi.util.FileUtil/]: Reading file /sys/devices/system/cpu/cpu9/topology/core_id
[0511月2025 15:34:18.595] [main/DEBUG] [oshi.util.FileUtil/]: Reading file /sys/devices/system/cpu/cpu9/topology/core_id
[0511月2025 15:34:18.595] [main/DEBUG] [oshi.util.FileUtil/]: Reading file /sys/devices/system/cpu/cpu9/topology/physical_package_id
[0511月2025 15:34:18.595] [main/DEBUG] [oshi.util.FileUtil/]: Reading file /sys/devices/system/cpu/cpu9/topology/physical_package_id
[0511月2025 15:34:18.595] [main/DEBUG] [oshi.util.FileUtil/]: Reading file /sys/devices/system/cpu/cpu9/cpu_capacity
[0511月2025 15:34:18.598] [main/DEBUG] [oshi.util.FileUtil/]: Reading file /proc/cpuinfo
[0511月2025 15:34:18.853] [main/DEBUG] [oshi.util.FileUtil/]: Reading file /proc/self/auxv
[0511月2025 15:34:18.854] [main/DEBUG] [oshi.util.FileUtil/]: No oshi.architecture.properties file found from ClassLoader cpw.mods.modlauncher.TransformingClassLoader@3c50ad4b
[0511月2025 15:34:18.916] [main/DEBUG] [oshi.util.FileUtil/]: Reading file /proc/meminfo
[0511月2025 15:34:18.916] [main/DEBUG] [oshi.util.FileUtil/]: Reading file /proc/meminfo
[0511月2025 15:34:19.081] [pool-4-thread-1/DEBUG] [net.minecraftforge.coremod.transformer.CoreModBaseTransformer/COREMOD]: Transforming net/minecraft/world/entity/EntityType
[0511月2025 15:34:19.299] [pool-4-thread-1/DEBUG] [net.minecraftforge.coremod.transformer.CoreModBaseTransformer/COREMOD]: Transforming net/minecraft/world/level/block/LiquidBlock
[0511月2025 15:34:19.322] [pool-4-thread-1/DEBUG] [net.minecraftforge.coremod.transformer.CoreModBaseTransformer/COREMOD]: Transforming net/minecraft/world/level/block/StairBlock
[0511月2025 15:34:19.376] [pool-4-thread-1/DEBUG] [net.minecraftforge.coremod.transformer.CoreModBaseTransformer/COREMOD]: Transforming net/minecraft/world/level/block/FlowerPotBlock
[0511月2025 15:34:19.753] [pool-4-thread-1/DEBUG] [net.minecraftforge.coremod.transformer.CoreModBaseTransformer/COREMOD]: Transforming net/minecraft/world/item/ItemStack
[0511月2025 15:34:20.063] [pool-4-thread-1/DEBUG] [net.minecraftforge.coremod.transformer.CoreModBaseTransformer/COREMOD]: Transforming net/minecraft/world/entity/animal/frog/Tadpole
[0511月2025 15:34:20.094] [pool-4-thread-1/DEBUG] [net.minecraftforge.coremod.transformer.CoreModBaseTransformer/COREMOD]: Transforming net/minecraft/world/item/BucketItem
[0511月2025 15:34:20.469] [pool-4-thread-1/DEBUG] [net.minecraftforge.coremod.transformer.CoreModBaseTransformer/COREMOD]: Transforming net/minecraft/world/entity/monster/Spider
[0511月2025 15:34:20.504] [Datafixer Bootstrap/INFO] [com.mojang.datafixers.DataFixerBuilder/]: 188 Datafixer optimizations took 75 milliseconds
[0511月2025 15:34:20.504] [pool-4-thread-1/DEBUG] [net.minecraftforge.coremod.transformer.CoreModBaseTransformer/COREMOD]: Transforming net/minecraft/world/entity/monster/Zombie
[0511月2025 15:34:20.523] [pool-4-thread-1/DEBUG] [net.minecraftforge.coremod.transformer.CoreModBaseTransformer/COREMOD]: Transforming net/minecraft/world/entity/monster/ZombieVillager
[0511月2025 15:34:20.555] [pool-4-thread-1/DEBUG] [net.minecraftforge.coremod.transformer.CoreModBaseTransformer/COREMOD]: Transforming net/minecraft/world/entity/monster/Evoker$EvokerSummonSpellGoal
[0511月2025 15:34:20.599] [pool-4-thread-1/DEBUG] [mixin/]: Mixing OfferFlowerGoalMixin from copper_friend_backport.mixins.json into net.minecraft.world.entity.ai.goal.OfferFlowerGoal
[0511月2025 15:34:20.602] [pool-4-thread-1/DEBUG] [mixin/]: copper_friend_backport.mixins.json:OfferFlowerGoalMixin: Class version 61 required is higher than the class version supported by the current version of Mixin (JAVA_8 supports class version 52)
[0511月2025 15:34:20.613] [pool-4-thread-1/DEBUG] [net.minecraftforge.coremod.transformer.CoreModBaseTransformer/COREMOD]: Transforming net/minecraft/world/item/ItemStack
[0511月2025 15:34:20.770] [pool-4-thread-1/DEBUG] [net.minecraftforge.coremod.transformer.CoreModBaseTransformer/COREMOD]: Transforming net/minecraft/world/entity/animal/horse/SkeletonTrapGoal
[0511月2025 15:34:20.794] [pool-4-thread-1/DEBUG] [net.minecraftforge.coremod.transformer.CoreModBaseTransformer/COREMOD]: Transforming net/minecraft/world/entity/monster/Strider
[0511月2025 15:34:20.872] [pool-4-thread-1/DEBUG] [net.minecraftforge.coremod.transformer.CoreModBaseTransformer/COREMOD]: Transforming net/minecraft/world/entity/npc/Villager
[0511月2025 15:34:20.927] [pool-4-thread-1/DEBUG] [net.minecraftforge.coremod.transformer.CoreModBaseTransformer/COREMOD]: Transforming net/minecraft/world/effect/MobEffectInstance
[0511月2025 15:34:21.258] [pool-4-thread-1/DEBUG] [net.minecraftforge.coremod.transformer.CoreModBaseTransformer/COREMOD]: Transforming net/minecraft/world/level/levelgen/structure/Structure
[0511月2025 15:34:21.287] [pool-4-thread-1/DEBUG] [net.minecraftforge.coremod.transformer.CoreModBaseTransformer/COREMOD]: Transforming net/minecraft/world/level/levelgen/structure/structures/OceanRuinPieces$OceanRuinPiece
[0511月2025 15:34:21.301] [pool-4-thread-1/DEBUG] [net.minecraftforge.coremod.transformer.CoreModBaseTransformer/COREMOD]: Transforming net/minecraft/world/level/levelgen/structure/structures/SwampHutPiece
[0511月2025 15:34:21.313] [pool-4-thread-1/DEBUG] [net.minecraftforge.coremod.transformer.CoreModBaseTransformer/COREMOD]: Transforming net/minecraft/world/level/levelgen/structure/structures/OceanMonumentPieces$OceanMonumentPiece
[0511月2025 15:34:21.338] [pool-4-thread-1/DEBUG] [net.minecraftforge.coremod.transformer.CoreModBaseTransformer/COREMOD]: Transforming net/minecraft/world/level/levelgen/structure/structures/WoodlandMansionPieces$WoodlandMansionPiece
[0511月2025 15:34:21.412] [pool-4-thread-1/DEBUG] [net.minecraftforge.coremod.transformer.CoreModBaseTransformer/COREMOD]: Transforming net/minecraft/world/level/biome/Biome
[0511月2025 15:34:21.541] [pool-4-thread-1/DEBUG] [io.netty.util.internal.PlatformDependent0/]: -Dio.netty.noUnsafe: false
[0511月2025 15:34:21.541] [pool-4-thread-1/DEBUG] [io.netty.util.internal.PlatformDependent0/]: Java version: 17
[0511月2025 15:34:21.541] [pool-4-thread-1/DEBUG] [io.netty.util.internal.PlatformDependent0/]: sun.misc.Unsafe.theUnsafe: available
[0511月2025 15:34:21.542] [pool-4-thread-1/DEBUG] [io.netty.util.internal.PlatformDependent0/]: sun.misc.Unsafe.copyMemory: available
[0511月2025 15:34:21.542] [pool-4-thread-1/DEBUG] [io.netty.util.internal.PlatformDependent0/]: sun.misc.Unsafe.storeFence: available
[0511月2025 15:34:21.542] [pool-4-thread-1/DEBUG] [io.netty.util.internal.PlatformDependent0/]: java.nio.Buffer.address: available
[0511月2025 15:34:21.542] [pool-4-thread-1/DEBUG] [io.netty.util.internal.PlatformDependent0/]: direct buffer constructor: unavailable
java.lang.UnsupportedOperationException: Reflective setAccessible(true) disabled
	at io.netty.util.internal.ReflectionUtil.trySetAccessible(ReflectionUtil.java:31) ~[netty-common-4.1.82.Final.jar%2382!/:4.1.82.Final]
	at io.netty.util.internal.PlatformDependent0$5.run(PlatformDependent0.java:288) ~[netty-common-4.1.82.Final.jar%2382!/:4.1.82.Final]
	at java.security.AccessController.doPrivileged(AccessController.java:318) ~[?:?]
	at io.netty.util.internal.PlatformDependent0.<clinit>(PlatformDependent0.java:282) ~[netty-common-4.1.82.Final.jar%2382!/:4.1.82.Final]
	at io.netty.util.internal.PlatformDependent.isAndroid(PlatformDependent.java:333) ~[netty-common-4.1.82.Final.jar%2382!/:4.1.82.Final]
	at io.netty.util.internal.PlatformDependent.<clinit>(PlatformDependent.java:88) ~[netty-common-4.1.82.Final.jar%2382!/:4.1.82.Final]
	at io.netty.util.ConstantPool.<init>(ConstantPool.java:34) ~[netty-common-4.1.82.Final.jar%2382!/:4.1.82.Final]
	at io.netty.util.AttributeKey$1.<init>(AttributeKey.java:27) ~[netty-common-4.1.82.Final.jar%2382!/:4.1.82.Final]
	at io.netty.util.AttributeKey.<clinit>(AttributeKey.java:27) ~[netty-common-4.1.82.Final.jar%2382!/:4.1.82.Final]
	at net.minecraftforge.network.NetworkConstants.<clinit>(NetworkConstants.java:34) ~[forge-1.20.1-47.4.10-universal.jar%23153!/:?]
	at net.minecraftforge.network.NetworkHooks.init(NetworkHooks.java:52) ~[forge-1.20.1-47.4.10-universal.jar%23153!/:?]
	at net.minecraft.server.Bootstrap.m_135870_(Bootstrap.java:62) ~[client-1.20.1-20230612.114412-srg.jar%23148!/:?]
	at net.minecraft.client.main.Main.lambda$main$0(Main.java:151) ~[client-1.20.1-20230612.114412-srg.jar%23148!/:?]
	at java.util.concurrent.Executors$RunnableAdapter.call(Executors.java:539) ~[?:?]
	at java.util.concurrent.FutureTask.run(FutureTask.java:264) ~[?:?]
	at java.util.concurrent.ThreadPoolExecutor.runWorker(ThreadPoolExecutor.java:1136) ~[?:?]
	at java.util.concurrent.ThreadPoolExecutor$Worker.run(ThreadPoolExecutor.java:635) ~[?:?]
	at java.lang.Thread.run(Thread.java:840) ~[?:?]
[0511月2025 15:34:21.542] [pool-4-thread-1/DEBUG] [io.netty.util.internal.PlatformDependent0/]: java.nio.Bits.unaligned: available, true
[0511月2025 15:34:21.543] [pool-4-thread-1/DEBUG] [io.netty.util.internal.PlatformDependent0/]: jdk.internal.misc.Unsafe.allocateUninitializedArray(int): unavailable
java.lang.IllegalAccessException: class io.netty.util.internal.PlatformDependent0$7 (in module io.netty.common) cannot access class jdk.internal.misc.Unsafe (in module java.base) because module java.base does not export jdk.internal.misc to module io.netty.common
	at jdk.internal.reflect.Reflection.newIllegalAccessException(Reflection.java:392) ~[?:?]
	at java.lang.reflect.AccessibleObject.checkAccess(AccessibleObject.java:674) ~[?:?]
	at java.lang.reflect.Method.invoke(Method.java:561) ~[?:?]
	at io.netty.util.internal.PlatformDependent0$7.run(PlatformDependent0.java:410) ~[netty-common-4.1.82.Final.jar%2382!/:4.1.82.Final]
	at java.security.AccessController.doPrivileged(AccessController.java:318) ~[?:?]
	at io.netty.util.internal.PlatformDependent0.<clinit>(PlatformDependent0.java:401) ~[netty-common-4.1.82.Final.jar%2382!/:4.1.82.Final]
	at io.netty.util.internal.PlatformDependent.isAndroid(PlatformDependent.java:333) ~[netty-common-4.1.82.Final.jar%2382!/:4.1.82.Final]
	at io.netty.util.internal.PlatformDependent.<clinit>(PlatformDependent.java:88) ~[netty-common-4.1.82.Final.jar%2382!/:4.1.82.Final]
	at io.netty.util.ConstantPool.<init>(ConstantPool.java:34) ~[netty-common-4.1.82.Final.jar%2382!/:4.1.82.Final]
	at io.netty.util.AttributeKey$1.<init>(AttributeKey.java:27) ~[netty-common-4.1.82.Final.jar%2382!/:4.1.82.Final]
	at io.netty.util.AttributeKey.<clinit>(AttributeKey.java:27) ~[netty-common-4.1.82.Final.jar%2382!/:4.1.82.Final]
	at net.minecraftforge.network.NetworkConstants.<clinit>(NetworkConstants.java:34) ~[forge-1.20.1-47.4.10-universal.jar%23153!/:?]
	at net.minecraftforge.network.NetworkHooks.init(NetworkHooks.java:52) ~[forge-1.20.1-47.4.10-universal.jar%23153!/:?]
	at net.minecraft.server.Bootstrap.m_135870_(Bootstrap.java:62) ~[client-1.20.1-20230612.114412-srg.jar%23148!/:?]
	at net.minecraft.client.main.Main.lambda$main$0(Main.java:151) ~[client-1.20.1-20230612.114412-srg.jar%23148!/:?]
	at java.util.concurrent.Executors$RunnableAdapter.call(Executors.java:539) ~[?:?]
	at java.util.concurrent.FutureTask.run(FutureTask.java:264) ~[?:?]
	at java.util.concurrent.ThreadPoolExecutor.runWorker(ThreadPoolExecutor.java:1136) ~[?:?]
	at java.util.concurrent.ThreadPoolExecutor$Worker.run(ThreadPoolExecutor.java:635) ~[?:?]
	at java.lang.Thread.run(Thread.java:840) ~[?:?]
[0511月2025 15:34:21.543] [pool-4-thread-1/DEBUG] [io.netty.util.internal.PlatformDependent0/]: java.nio.DirectByteBuffer.<init>(long, int): unavailable
[0511月2025 15:34:21.543] [pool-4-thread-1/DEBUG] [io.netty.util.internal.PlatformDependent/]: sun.misc.Unsafe: available
[0511月2025 15:34:21.544] [pool-4-thread-1/DEBUG] [io.netty.util.internal.PlatformDependent/]: maxDirectMemory: 6362759168 bytes (maybe)
[0511月2025 15:34:21.544] [pool-4-thread-1/DEBUG] [io.netty.util.internal.PlatformDependent/]: -Dio.netty.tmpdir: /tmp (java.io.tmpdir)
[0511月2025 15:34:21.544] [pool-4-thread-1/DEBUG] [io.netty.util.internal.PlatformDependent/]: -Dio.netty.bitMode: 64 (sun.arch.data.model)
[0511月2025 15:34:21.544] [pool-4-thread-1/DEBUG] [io.netty.util.internal.PlatformDependent/]: -Dio.netty.maxDirectMemory: -1 bytes
[0511月2025 15:34:21.544] [pool-4-thread-1/DEBUG] [io.netty.util.internal.PlatformDependent/]: -Dio.netty.uninitializedArrayAllocationThreshold: -1
[0511月2025 15:34:21.544] [pool-4-thread-1/DEBUG] [io.netty.util.internal.CleanerJava9/]: java.nio.ByteBuffer.cleaner(): available
[0511月2025 15:34:21.545] [pool-4-thread-1/DEBUG] [io.netty.util.internal.PlatformDependent/]: -Dio.netty.noPreferDirect: false
[0511月2025 15:34:21.577] [pool-4-thread-1/DEBUG] [net.minecraftforge.network.NetworkHooks/]: Loading Network data for FML net version: FML3
[0511月2025 15:34:21.729] [Render thread/WARN] [net.minecraft.server.packs.VanillaPackResourcesBuilder/]: Assets URL 'union:/home/xiyu/.local/share/SJMCL/.minecraft/libraries/net/minecraft/client/1.20.1-20230612.114412/client-1.20.1-20230612.114412-srg.jar%23148!/assets/.mcassetsroot' uses unexpected schema
[0511月2025 15:34:21.729] [Render thread/WARN] [net.minecraft.server.packs.VanillaPackResourcesBuilder/]: Assets URL 'union:/home/xiyu/.local/share/SJMCL/.minecraft/libraries/net/minecraft/client/1.20.1-20230612.114412/client-1.20.1-20230612.114412-srg.jar%23148!/data/.mcassetsroot' uses unexpected schema
[0511月2025 15:34:21.740] [Render thread/INFO] [com.mojang.authlib.yggdrasil.YggdrasilAuthenticationService/]: Environment: authHost='https://authserver.mojang.com', accountsHost='https://api.mojang.com', sessionHost='https://sessionserver.mojang.com', servicesHost='https://api.minecraftservices.com', name='PROD'
[0511月2025 15:34:23.065] [Render thread/INFO] [net.minecraft.client.Minecraft/]: Setting user: God_xiyu
[0511月2025 15:34:23.112] [Render thread/INFO] [net.minecraft.client.Minecraft/]: Backend library: LWJGL version 3.3.1 build 7
[0511月2025 15:34:23.134] [Render thread/DEBUG] [oshi.util.FileUtil/]: Reading file /sys/devices/system/cpu/cpu0/topology/core_id
[0511月2025 15:34:23.135] [Render thread/DEBUG] [oshi.util.FileUtil/]: Reading file /sys/devices/system/cpu/cpu0/topology/core_id
[0511月2025 15:34:23.135] [Render thread/DEBUG] [oshi.util.FileUtil/]: Reading file /sys/devices/system/cpu/cpu0/topology/physical_package_id
[0511月2025 15:34:23.135] [Render thread/DEBUG] [oshi.util.FileUtil/]: Reading file /sys/devices/system/cpu/cpu0/topology/physical_package_id
[0511月2025 15:34:23.135] [Render thread/DEBUG] [oshi.util.FileUtil/]: Reading file /sys/devices/system/cpu/cpu0/cpu_capacity
[0511月2025 15:34:23.135] [Render thread/DEBUG] [oshi.util.FileUtil/]: Reading file /sys/devices/system/cpu/cpu1/topology/core_id
[0511月2025 15:34:23.135] [Render thread/DEBUG] [oshi.util.FileUtil/]: Reading file /sys/devices/system/cpu/cpu1/topology/core_id
[0511月2025 15:34:23.135] [Render thread/DEBUG] [oshi.util.FileUtil/]: Reading file /sys/devices/system/cpu/cpu1/topology/physical_package_id
[0511月2025 15:34:23.135] [Render thread/DEBUG] [oshi.util.FileUtil/]: Reading file /sys/devices/system/cpu/cpu1/topology/physical_package_id
[0511月2025 15:34:23.135] [Render thread/DEBUG] [oshi.util.FileUtil/]: Reading file /sys/devices/system/cpu/cpu1/cpu_capacity
[0511月2025 15:34:23.135] [Render thread/DEBUG] [oshi.util.FileUtil/]: Reading file /sys/devices/system/cpu/cpu10/topology/core_id
[0511月2025 15:34:23.135] [Render thread/DEBUG] [oshi.util.FileUtil/]: Reading file /sys/devices/system/cpu/cpu10/topology/core_id
[0511月2025 15:34:23.135] [Render thread/DEBUG] [oshi.util.FileUtil/]: Reading file /sys/devices/system/cpu/cpu10/topology/physical_package_id
[0511月2025 15:34:23.135] [Render thread/DEBUG] [oshi.util.FileUtil/]: Reading file /sys/devices/system/cpu/cpu10/topology/physical_package_id
[0511月2025 15:34:23.135] [Render thread/DEBUG] [oshi.util.FileUtil/]: Reading file /sys/devices/system/cpu/cpu10/cpu_capacity
[0511月2025 15:34:23.135] [Render thread/DEBUG] [oshi.util.FileUtil/]: Reading file /sys/devices/system/cpu/cpu11/topology/core_id
[0511月2025 15:34:23.135] [Render thread/DEBUG] [oshi.util.FileUtil/]: Reading file /sys/devices/system/cpu/cpu11/topology/core_id
[0511月2025 15:34:23.135] [Render thread/DEBUG] [oshi.util.FileUtil/]: Reading file /sys/devices/system/cpu/cpu11/topology/physical_package_id
[0511月2025 15:34:23.135] [Render thread/DEBUG] [oshi.util.FileUtil/]: Reading file /sys/devices/system/cpu/cpu11/topology/physical_package_id
[0511月2025 15:34:23.135] [Render thread/DEBUG] [oshi.util.FileUtil/]: Reading file /sys/devices/system/cpu/cpu11/cpu_capacity
[0511月2025 15:34:23.136] [Render thread/DEBUG] [oshi.util.FileUtil/]: Reading file /sys/devices/system/cpu/cpu12/topology/core_id
[0511月2025 15:34:23.136] [Render thread/DEBUG] [oshi.util.FileUtil/]: Reading file /sys/devices/system/cpu/cpu12/topology/core_id
[0511月2025 15:34:23.136] [Render thread/DEBUG] [oshi.util.FileUtil/]: Reading file /sys/devices/system/cpu/cpu12/topology/physical_package_id
[0511月2025 15:34:23.136] [Render thread/DEBUG] [oshi.util.FileUtil/]: Reading file /sys/devices/system/cpu/cpu12/topology/physical_package_id
[0511月2025 15:34:23.136] [Render thread/DEBUG] [oshi.util.FileUtil/]: Reading file /sys/devices/system/cpu/cpu12/cpu_capacity
[0511月2025 15:34:23.136] [Render thread/DEBUG] [oshi.util.FileUtil/]: Reading file /sys/devices/system/cpu/cpu13/topology/core_id
[0511月2025 15:34:23.136] [Render thread/DEBUG] [oshi.util.FileUtil/]: Reading file /sys/devices/system/cpu/cpu13/topology/core_id
[0511月2025 15:34:23.136] [Render thread/DEBUG] [oshi.util.FileUtil/]: Reading file /sys/devices/system/cpu/cpu13/topology/physical_package_id
[0511月2025 15:34:23.136] [Render thread/DEBUG] [oshi.util.FileUtil/]: Reading file /sys/devices/system/cpu/cpu13/topology/physical_package_id
[0511月2025 15:34:23.136] [Render thread/DEBUG] [oshi.util.FileUtil/]: Reading file /sys/devices/system/cpu/cpu13/cpu_capacity
[0511月2025 15:34:23.136] [Render thread/DEBUG] [oshi.util.FileUtil/]: Reading file /sys/devices/system/cpu/cpu14/topology/core_id
[0511月2025 15:34:23.136] [Render thread/DEBUG] [oshi.util.FileUtil/]: Reading file /sys/devices/system/cpu/cpu14/topology/core_id
[0511月2025 15:34:23.136] [Render thread/DEBUG] [oshi.util.FileUtil/]: Reading file /sys/devices/system/cpu/cpu14/topology/physical_package_id
[0511月2025 15:34:23.136] [Render thread/DEBUG] [oshi.util.FileUtil/]: Reading file /sys/devices/system/cpu/cpu14/topology/physical_package_id
[0511月2025 15:34:23.136] [Render thread/DEBUG] [oshi.util.FileUtil/]: Reading file /sys/devices/system/cpu/cpu14/cpu_capacity
[0511月2025 15:34:23.136] [Render thread/DEBUG] [oshi.util.FileUtil/]: Reading file /sys/devices/system/cpu/cpu15/topology/core_id
[0511月2025 15:34:23.136] [Render thread/DEBUG] [oshi.util.FileUtil/]: Reading file /sys/devices/system/cpu/cpu15/topology/core_id
[0511月2025 15:34:23.136] [Render thread/DEBUG] [oshi.util.FileUtil/]: Reading file /sys/devices/system/cpu/cpu15/topology/physical_package_id
[0511月2025 15:34:23.136] [Render thread/DEBUG] [oshi.util.FileUtil/]: Reading file /sys/devices/system/cpu/cpu15/topology/physical_package_id
[0511月2025 15:34:23.136] [Render thread/DEBUG] [oshi.util.FileUtil/]: Reading file /sys/devices/system/cpu/cpu15/cpu_capacity
[0511月2025 15:34:23.136] [Render thread/DEBUG] [oshi.util.FileUtil/]: Reading file /sys/devices/system/cpu/cpu16/topology/core_id
[0511月2025 15:34:23.136] [Render thread/DEBUG] [oshi.util.FileUtil/]: Reading file /sys/devices/system/cpu/cpu16/topology/core_id
[0511月2025 15:34:23.136] [Render thread/DEBUG] [oshi.util.FileUtil/]: Reading file /sys/devices/system/cpu/cpu16/topology/physical_package_id
[0511月2025 15:34:23.136] [Render thread/DEBUG] [oshi.util.FileUtil/]: Reading file /sys/devices/system/cpu/cpu16/topology/physical_package_id
[0511月2025 15:34:23.136] [Render thread/DEBUG] [oshi.util.FileUtil/]: Reading file /sys/devices/system/cpu/cpu16/cpu_capacity
[0511月2025 15:34:23.136] [Render thread/DEBUG] [oshi.util.FileUtil/]: Reading file /sys/devices/system/cpu/cpu17/topology/core_id
[0511月2025 15:34:23.137] [Render thread/DEBUG] [oshi.util.FileUtil/]: Reading file /sys/devices/system/cpu/cpu17/topology/core_id
[0511月2025 15:34:23.137] [Render thread/DEBUG] [oshi.util.FileUtil/]: Reading file /sys/devices/system/cpu/cpu17/topology/physical_package_id
[0511月2025 15:34:23.137] [Render thread/DEBUG] [oshi.util.FileUtil/]: Reading file /sys/devices/system/cpu/cpu17/topology/physical_package_id
[0511月2025 15:34:23.137] [Render thread/DEBUG] [oshi.util.FileUtil/]: Reading file /sys/devices/system/cpu/cpu17/cpu_capacity
[0511月2025 15:34:23.137] [Render thread/DEBUG] [oshi.util.FileUtil/]: Reading file /sys/devices/system/cpu/cpu18/topology/core_id
[0511月2025 15:34:23.137] [Render thread/DEBUG] [oshi.util.FileUtil/]: Reading file /sys/devices/system/cpu/cpu18/topology/core_id
[0511月2025 15:34:23.137] [Render thread/DEBUG] [oshi.util.FileUtil/]: Reading file /sys/devices/system/cpu/cpu18/topology/physical_package_id
[0511月2025 15:34:23.137] [Render thread/DEBUG] [oshi.util.FileUtil/]: Reading file /sys/devices/system/cpu/cpu18/topology/physical_package_id
[0511月2025 15:34:23.137] [Render thread/DEBUG] [oshi.util.FileUtil/]: Reading file /sys/devices/system/cpu/cpu18/cpu_capacity
[0511月2025 15:34:23.137] [Render thread/DEBUG] [oshi.util.FileUtil/]: Reading file /sys/devices/system/cpu/cpu19/topology/core_id
[0511月2025 15:34:23.137] [Render thread/DEBUG] [oshi.util.FileUtil/]: Reading file /sys/devices/system/cpu/cpu19/topology/core_id
[0511月2025 15:34:23.137] [Render thread/DEBUG] [oshi.util.FileUtil/]: Reading file /sys/devices/system/cpu/cpu19/topology/physical_package_id
[0511月2025 15:34:23.137] [Render thread/DEBUG] [oshi.util.FileUtil/]: Reading file /sys/devices/system/cpu/cpu19/topology/physical_package_id
[0511月2025 15:34:23.137] [Render thread/DEBUG] [oshi.util.FileUtil/]: Reading file /sys/devices/system/cpu/cpu19/cpu_capacity
[0511月2025 15:34:23.137] [Render thread/DEBUG] [oshi.util.FileUtil/]: Reading file /sys/devices/system/cpu/cpu2/topology/core_id
[0511月2025 15:34:23.137] [Render thread/DEBUG] [oshi.util.FileUtil/]: Reading file /sys/devices/system/cpu/cpu2/topology/core_id
[0511月2025 15:34:23.137] [Render thread/DEBUG] [oshi.util.FileUtil/]: Reading file /sys/devices/system/cpu/cpu2/topology/physical_package_id
[0511月2025 15:34:23.137] [Render thread/DEBUG] [oshi.util.FileUtil/]: Reading file /sys/devices/system/cpu/cpu2/topology/physical_package_id
[0511月2025 15:34:23.137] [Render thread/DEBUG] [oshi.util.FileUtil/]: Reading file /sys/devices/system/cpu/cpu2/cpu_capacity
[0511月2025 15:34:23.137] [Render thread/DEBUG] [oshi.util.FileUtil/]: Reading file /sys/devices/system/cpu/cpu20/topology/core_id
[0511月2025 15:34:23.137] [Render thread/DEBUG] [oshi.util.FileUtil/]: Reading file /sys/devices/system/cpu/cpu20/topology/core_id
[0511月2025 15:34:23.137] [Render thread/DEBUG] [oshi.util.FileUtil/]: Reading file /sys/devices/system/cpu/cpu20/topology/physical_package_id
[0511月2025 15:34:23.137] [Render thread/DEBUG] [oshi.util.FileUtil/]: Reading file /sys/devices/system/cpu/cpu20/topology/physical_package_id
[0511月2025 15:34:23.137] [Render thread/DEBUG] [oshi.util.FileUtil/]: Reading file /sys/devices/system/cpu/cpu20/cpu_capacity
[0511月2025 15:34:23.138] [Render thread/DEBUG] [oshi.util.FileUtil/]: Reading file /sys/devices/system/cpu/cpu21/topology/core_id
[0511月2025 15:34:23.138] [Render thread/DEBUG] [oshi.util.FileUtil/]: Reading file /sys/devices/system/cpu/cpu21/topology/core_id
[0511月2025 15:34:23.138] [Render thread/DEBUG] [oshi.util.FileUtil/]: Reading file /sys/devices/system/cpu/cpu21/topology/physical_package_id
[0511月2025 15:34:23.138] [Render thread/DEBUG] [oshi.util.FileUtil/]: Reading file /sys/devices/system/cpu/cpu21/topology/physical_package_id
[0511月2025 15:34:23.138] [Render thread/DEBUG] [oshi.util.FileUtil/]: Reading file /sys/devices/system/cpu/cpu21/cpu_capacity
[0511月2025 15:34:23.138] [Render thread/DEBUG] [oshi.util.FileUtil/]: Reading file /sys/devices/system/cpu/cpu22/topology/core_id
[0511月2025 15:34:23.138] [Render thread/DEBUG] [oshi.util.FileUtil/]: Reading file /sys/devices/system/cpu/cpu22/topology/core_id
[0511月2025 15:34:23.138] [Render thread/DEBUG] [oshi.util.FileUtil/]: Reading file /sys/devices/system/cpu/cpu22/topology/physical_package_id
[0511月2025 15:34:23.138] [Render thread/DEBUG] [oshi.util.FileUtil/]: Reading file /sys/devices/system/cpu/cpu22/topology/physical_package_id
[0511月2025 15:34:23.138] [Render thread/DEBUG] [oshi.util.FileUtil/]: Reading file /sys/devices/system/cpu/cpu22/cpu_capacity
[0511月2025 15:34:23.138] [Render thread/DEBUG] [oshi.util.FileUtil/]: Reading file /sys/devices/system/cpu/cpu23/topology/core_id
[0511月2025 15:34:23.138] [Render thread/DEBUG] [oshi.util.FileUtil/]: Reading file /sys/devices/system/cpu/cpu23/topology/core_id
[0511月2025 15:34:23.138] [Render thread/DEBUG] [oshi.util.FileUtil/]: Reading file /sys/devices/system/cpu/cpu23/topology/physical_package_id
[0511月2025 15:34:23.138] [Render thread/DEBUG] [oshi.util.FileUtil/]: Reading file /sys/devices/system/cpu/cpu23/topology/physical_package_id
[0511月2025 15:34:23.138] [Render thread/DEBUG] [oshi.util.FileUtil/]: Reading file /sys/devices/system/cpu/cpu23/cpu_capacity
[0511月2025 15:34:23.138] [Render thread/DEBUG] [oshi.util.FileUtil/]: Reading file /sys/devices/system/cpu/cpu3/topology/core_id
[0511月2025 15:34:23.138] [Render thread/DEBUG] [oshi.util.FileUtil/]: Reading file /sys/devices/system/cpu/cpu3/topology/core_id
[0511月2025 15:34:23.138] [Render thread/DEBUG] [oshi.util.FileUtil/]: Reading file /sys/devices/system/cpu/cpu3/topology/physical_package_id
[0511月2025 15:34:23.138] [Render thread/DEBUG] [oshi.util.FileUtil/]: Reading file /sys/devices/system/cpu/cpu3/topology/physical_package_id
[0511月2025 15:34:23.138] [Render thread/DEBUG] [oshi.util.FileUtil/]: Reading file /sys/devices/system/cpu/cpu3/cpu_capacity
[0511月2025 15:34:23.138] [Render thread/DEBUG] [oshi.util.FileUtil/]: Reading file /sys/devices/system/cpu/cpu4/topology/core_id
[0511月2025 15:34:23.138] [Render thread/DEBUG] [oshi.util.FileUtil/]: Reading file /sys/devices/system/cpu/cpu4/topology/core_id
[0511月2025 15:34:23.138] [Render thread/DEBUG] [oshi.util.FileUtil/]: Reading file /sys/devices/system/cpu/cpu4/topology/physical_package_id
[0511月2025 15:34:23.138] [Render thread/DEBUG] [oshi.util.FileUtil/]: Reading file /sys/devices/system/cpu/cpu4/topology/physical_package_id
[0511月2025 15:34:23.138] [Render thread/DEBUG] [oshi.util.FileUtil/]: Reading file /sys/devices/system/cpu/cpu4/cpu_capacity
[0511月2025 15:34:23.139] [Render thread/DEBUG] [oshi.util.FileUtil/]: Reading file /sys/devices/system/cpu/cpu5/topology/core_id
[0511月2025 15:34:23.139] [Render thread/DEBUG] [oshi.util.FileUtil/]: Reading file /sys/devices/system/cpu/cpu5/topology/core_id
[0511月2025 15:34:23.139] [Render thread/DEBUG] [oshi.util.FileUtil/]: Reading file /sys/devices/system/cpu/cpu5/topology/physical_package_id
[0511月2025 15:34:23.139] [Render thread/DEBUG] [oshi.util.FileUtil/]: Reading file /sys/devices/system/cpu/cpu5/topology/physical_package_id
[0511月2025 15:34:23.139] [Render thread/DEBUG] [oshi.util.FileUtil/]: Reading file /sys/devices/system/cpu/cpu5/cpu_capacity
[0511月2025 15:34:23.139] [Render thread/DEBUG] [oshi.util.FileUtil/]: Reading file /sys/devices/system/cpu/cpu6/topology/core_id
[0511月2025 15:34:23.139] [Render thread/DEBUG] [oshi.util.FileUtil/]: Reading file /sys/devices/system/cpu/cpu6/topology/core_id
[0511月2025 15:34:23.139] [Render thread/DEBUG] [oshi.util.FileUtil/]: Reading file /sys/devices/system/cpu/cpu6/topology/physical_package_id
[0511月2025 15:34:23.139] [Render thread/DEBUG] [oshi.util.FileUtil/]: Reading file /sys/devices/system/cpu/cpu6/topology/physical_package_id
[0511月2025 15:34:23.139] [Render thread/DEBUG] [oshi.util.FileUtil/]: Reading file /sys/devices/system/cpu/cpu6/cpu_capacity
[0511月2025 15:34:23.139] [Render thread/DEBUG] [oshi.util.FileUtil/]: Reading file /sys/devices/system/cpu/cpu7/topology/core_id
[0511月2025 15:34:23.139] [Render thread/DEBUG] [oshi.util.FileUtil/]: Reading file /sys/devices/system/cpu/cpu7/topology/core_id
[0511月2025 15:34:23.139] [Render thread/DEBUG] [oshi.util.FileUtil/]: Reading file /sys/devices/system/cpu/cpu7/topology/physical_package_id
[0511月2025 15:34:23.139] [Render thread/DEBUG] [oshi.util.FileUtil/]: Reading file /sys/devices/system/cpu/cpu7/topology/physical_package_id
[0511月2025 15:34:23.139] [Render thread/DEBUG] [oshi.util.FileUtil/]: Reading file /sys/devices/system/cpu/cpu7/cpu_capacity
[0511月2025 15:34:23.139] [Render thread/DEBUG] [oshi.util.FileUtil/]: Reading file /sys/devices/system/cpu/cpu8/topology/core_id
[0511月2025 15:34:23.139] [Render thread/DEBUG] [oshi.util.FileUtil/]: Reading file /sys/devices/system/cpu/cpu8/topology/core_id
[0511月2025 15:34:23.139] [Render thread/DEBUG] [oshi.util.FileUtil/]: Reading file /sys/devices/system/cpu/cpu8/topology/physical_package_id
[0511月2025 15:34:23.139] [Render thread/DEBUG] [oshi.util.FileUtil/]: Reading file /sys/devices/system/cpu/cpu8/topology/physical_package_id
[0511月2025 15:34:23.139] [Render thread/DEBUG] [oshi.util.FileUtil/]: Reading file /sys/devices/system/cpu/cpu8/cpu_capacity
[0511月2025 15:34:23.139] [Render thread/DEBUG] [oshi.util.FileUtil/]: Reading file /sys/devices/system/cpu/cpu9/topology/core_id
[0511月2025 15:34:23.139] [Render thread/DEBUG] [oshi.util.FileUtil/]: Reading file /sys/devices/system/cpu/cpu9/topology/core_id
[0511月2025 15:34:23.139] [Render thread/DEBUG] [oshi.util.FileUtil/]: Reading file /sys/devices/system/cpu/cpu9/topology/physical_package_id
[0511月2025 15:34:23.139] [Render thread/DEBUG] [oshi.util.FileUtil/]: Reading file /sys/devices/system/cpu/cpu9/topology/physical_package_id
[0511月2025 15:34:23.139] [Render thread/DEBUG] [oshi.util.FileUtil/]: Reading file /sys/devices/system/cpu/cpu9/cpu_capacity
[0511月2025 15:34:23.140] [Render thread/DEBUG] [oshi.util.FileUtil/]: Reading file /proc/cpuinfo
[0511月2025 15:34:23.309] [Render thread/DEBUG] [oshi.util.FileUtil/]: Reading file /proc/self/auxv
[0511月2025 15:34:23.337] [Render thread/DEBUG] [net.minecraftforge.common.ForgeI18n/CORE]: Loading I18N data entries: 6434
[0511月2025 15:34:23.346] [Render thread/DEBUG] [net.minecraftforge.fml.ModWorkManager/LOADING]: Using 24 threads for parallel mod-loading
[0511月2025 15:34:23.352] [Render thread/DEBUG] [net.minecraftforge.fml.javafmlmod.FMLJavaModLanguageProvider/LOADING]: Loading FMLModContainer from classloader cpw.mods.modlauncher.TransformingClassLoader@3c50ad4b - got cpw.mods.cl.ModuleClassLoader@56781d96
[0511月2025 15:34:23.353] [Render thread/DEBUG] [net.minecraftforge.fml.javafmlmod.FMLModContainer/LOADING]: Creating FMLModContainer instance for net.minecraftforge.common.ForgeMod
[0511月2025 15:34:23.355] [Render thread/DEBUG] [net.minecraftforge.fml.javafmlmod.FMLJavaModLanguageProvider/LOADING]: Loading FMLModContainer from classloader cpw.mods.modlauncher.TransformingClassLoader@3c50ad4b - got cpw.mods.cl.ModuleClassLoader@56781d96
[0511月2025 15:34:23.355] [Render thread/DEBUG] [net.minecraftforge.fml.javafmlmod.FMLModContainer/LOADING]: Creating FMLModContainer instance for org.xiyu.yee.copper_friend_backport.CopperFriendBackport
[0511月2025 15:34:23.368] [modloading-worker-0/DEBUG] [net.minecraftforge.versions.forge.ForgeVersion/CORE]: Forge Version package package net.minecraftforge.versions.forge, Forge, version 47.4 from cpw.mods.modlauncher.TransformingClassLoader@3c50ad4b
[0511月2025 15:34:23.368] [modloading-worker-0/DEBUG] [net.minecraftforge.versions.forge.ForgeVersion/CORE]: Found Forge version 47.4.10
[0511月2025 15:34:23.368] [modloading-worker-0/DEBUG] [net.minecraftforge.versions.forge.ForgeVersion/CORE]: Found Forge spec 47.4
[0511月2025 15:34:23.368] [modloading-worker-0/DEBUG] [net.minecraftforge.versions.forge.ForgeVersion/CORE]: Found Forge group net.minecraftforge
[0511月2025 15:34:23.368] [modloading-worker-0/DEBUG] [net.minecraftforge.versions.mcp.MCPVersion/CORE]: MCP Version package package net.minecraftforge.versions.mcp, Minecraft, version 1.20.1 from cpw.mods.modlauncher.TransformingClassLoader@3c50ad4b
[0511月2025 15:34:23.368] [modloading-worker-0/DEBUG] [net.minecraftforge.versions.mcp.MCPVersion/CORE]: Found MC version information 1.20.1
[0511月2025 15:34:23.368] [modloading-worker-0/DEBUG] [net.minecraftforge.versions.mcp.MCPVersion/CORE]: Found MCP version information 20230612.114412
[0511月2025 15:34:23.368] [modloading-worker-0/INFO] [net.minecraftforge.common.ForgeMod/FORGEMOD]: Forge mod loading, version 47.4.10, for MC 1.20.1 with MCP 20230612.114412
[0511月2025 15:34:23.370] [modloading-worker-0/INFO] [net.minecraftforge.common.MinecraftForge/FORGE]: MinecraftForge v47.4.10 Initialized
[0511月2025 15:34:23.370] [modloading-worker-0/DEBUG] [net.minecraftforge.fml.javafmlmod.AutomaticEventSubscriber/LOADING]: Attempting to inject @EventBusSubscriber classes into the eventbus for copper_friend_backport
[0511月2025 15:34:23.372] [modloading-worker-0/DEBUG] [net.minecraftforge.fml.javafmlmod.AutomaticEventSubscriber/LOADING]: Auto-subscribing org.xiyu.yee.copper_friend_backport.events.ModEvents to MOD
[0511月2025 15:34:23.374] [modloading-worker-0/DEBUG] [net.minecraftforge.fml.javafmlmod.AutomaticEventSubscriber/LOADING]: Auto-subscribing org.xiyu.yee.copper_friend_backport.client.ClientSetup to MOD
[0511月2025 15:34:23.405] [modloading-worker-0/DEBUG] [net.minecraftforge.fml.config.ConfigTracker/CONFIG]: Config file forge-client.toml for forge tracking
[0511月2025 15:34:23.405] [modloading-worker-0/DEBUG] [net.minecraftforge.fml.config.ConfigTracker/CONFIG]: Config file forge-server.toml for forge tracking
[0511月2025 15:34:23.405] [modloading-worker-0/DEBUG] [net.minecraftforge.fml.ModLoadingContext/]: Attempted to register an empty config for type COMMON on mod forge
[0511月2025 15:34:23.418] [modloading-worker-0/DEBUG] [net.minecraftforge.fml.javafmlmod.AutomaticEventSubscriber/LOADING]: Attempting to inject @EventBusSubscriber classes into the eventbus for forge
[0511月2025 15:34:23.418] [modloading-worker-0/DEBUG] [net.minecraftforge.fml.javafmlmod.AutomaticEventSubscriber/LOADING]: Auto-subscribing net.minecraftforge.common.ForgeSpawnEggItem$CommonHandler to MOD
[0511月2025 15:34:23.419] [modloading-worker-0/DEBUG] [net.minecraftforge.fml.javafmlmod.AutomaticEventSubscriber/LOADING]: Auto-subscribing net.minecraftforge.common.ForgeSpawnEggItem$ColorRegisterHandler to MOD
[0511月2025 15:34:23.421] [modloading-worker-0/DEBUG] [net.minecraftforge.fml.javafmlmod.AutomaticEventSubscriber/LOADING]: Auto-subscribing net.minecraftforge.client.model.data.ModelDataManager to FORGE
[0511月2025 15:34:23.422] [modloading-worker-0/DEBUG] [net.minecraftforge.fml.javafmlmod.AutomaticEventSubscriber/LOADING]: Auto-subscribing net.minecraftforge.client.ForgeHooksClient$ClientEvents to MOD
[0511月2025 15:34:23.428] [modloading-worker-0/DEBUG] [net.minecraftforge.fml.javafmlmod.AutomaticEventSubscriber/LOADING]: Auto-subscribing net.minecraftforge.client.ClientForgeMod to MOD
[0511月2025 15:34:23.451] [Render thread/DEBUG] [net.minecraftforge.common.capabilities.CapabilityManager/CAPABILITIES]: Attempting to automatically register: Lnet/minecraftforge/energy/IEnergyStorage;
[0511月2025 15:34:23.452] [Render thread/DEBUG] [net.minecraftforge.common.capabilities.CapabilityManager/CAPABILITIES]: Attempting to automatically register: Lnet/minecraftforge/fluids/capability/IFluidHandler;
[0511月2025 15:34:23.452] [Render thread/DEBUG] [net.minecraftforge.common.capabilities.CapabilityManager/CAPABILITIES]: Attempting to automatically register: Lnet/minecraftforge/fluids/capability/IFluidHandlerItem;
[0511月2025 15:34:23.452] [Render thread/DEBUG] [net.minecraftforge.common.capabilities.CapabilityManager/CAPABILITIES]: Attempting to automatically register: Lnet/minecraftforge/items/IItemHandler;
[0511月2025 15:34:23.535] [Render thread/DEBUG] [net.minecraftforge.client.loading.ClientModLoader/CORE]: Generating PackInfo named mod:forge for mod file /home/xiyu/.local/share/SJMCL/.minecraft/libraries/net/minecraftforge/forge/1.20.1-47.4.10/forge-1.20.1-47.4.10-universal.jar
[0511月2025 15:34:23.536] [Render thread/DEBUG] [net.minecraftforge.client.loading.ClientModLoader/CORE]: Generating PackInfo named mod:copper_friend_backport for mod file /home/xiyu/.local/share/SJMCL/.minecraft/versions/1.20.1-Forge/mods/copper_friend_backport-1.0.jar
[0511月2025 15:34:23.895] [Render thread/INFO] [net.minecraft.server.packs.resources.ReloadableResourceManager/]: Reloading ResourceManager: vanilla, mod_resources
[0511月2025 15:34:23.902] [modloading-worker-0/DEBUG] [net.minecraftforge.fml.config.ConfigTracker/CONFIG]: Loading configs type CLIENT
[0511月2025 15:34:23.903] [modloading-worker-0/DEBUG] [net.minecraftforge.fml.config.ConfigFileTypeHandler/CONFIG]: Built TOML config for /home/xiyu/.local/share/SJMCL/.minecraft/versions/1.20.1-Forge/config/forge-client.toml
[0511月2025 15:34:23.903] [modloading-worker-0/DEBUG] [net.minecraftforge.fml.config.ConfigFileTypeHandler/CONFIG]: Loaded TOML config file /home/xiyu/.local/share/SJMCL/.minecraft/versions/1.20.1-Forge/config/forge-client.toml
[0511月2025 15:34:23.907] [modloading-worker-0/DEBUG] [net.minecraftforge.fml.config.ConfigFileTypeHandler/CONFIG]: Watching TOML config file /home/xiyu/.local/share/SJMCL/.minecraft/versions/1.20.1-Forge/config/forge-client.toml for changes
[0511月2025 15:34:23.908] [modloading-worker-0/DEBUG] [net.minecraftforge.common.ForgeConfig/FORGEMOD]: Loaded forge config file forge-client.toml
[0511月2025 15:34:23.908] [modloading-worker-0/DEBUG] [net.minecraftforge.fml.config.ConfigTracker/CONFIG]: Loading configs type COMMON
[0511月2025 15:34:23.941] [Forge Version Check/INFO] [net.minecraftforge.fml.VersionChecker/]: [forge] Starting version check at https://files.minecraftforge.net/net/minecraftforge/forge/promotions_slim.json
[0511月2025 15:34:23.945] [Worker-Main-14/INFO] [net.minecraft.client.gui.font.providers.UnihexProvider/]: Found unifont_all_no_pua-15.0.06.hex, loading
[0511月2025 15:34:25.357] [Forge Version Check/DEBUG] [net.minecraftforge.fml.VersionChecker/]: [forge] Received version check data:
{
  "homepage": "https://files.minecraftforge.net/net/minecraftforge/forge/",
  "promos": {
    "1.1-latest": "1.3.4.29",
    "1.2.3-latest": "1.4.1.64",
    "1.2.4-latest": "2.0.0.68",
    "1.2.5-latest": "3.4.9.171",
    "1.3.2-latest": "4.3.5.318",
    "1.4.0-latest": "5.0.0.326",
    "1.4.1-latest": "6.0.0.329",
    "1.4.2-latest": "6.0.1.355",
    "1.4.3-latest": "6.2.1.358",
    "1.4.4-latest": "6.3.0.378",
    "1.4.5-latest": "6.4.2.448",
    "1.4.6-latest": "6.5.0.489",
    "1.4.7-latest": "6.6.2.534",
    "1.5-latest": "7.7.0.598",
    "1.5.1-latest": "7.7.2.682",
    "1.5.2-latest": "7.8.1.738",
    "1.5.2-recommended": "7.8.1.738",
    "1.6.1-latest": "8.9.0.775",
    "1.6.2-latest": "9.10.1.871",
    "1.6.2-recommended": "9.10.1.871",
    "1.6.3-latest": "9.11.0.878",
    "1.6.4-latest": "9.11.1.1345",
    "1.6.4-recommended": "9.11.1.1345",
    "1.7.2-latest": "10.12.2.1161",
    "1.7.2-recommended": "10.12.2.1161",
    "1.7.10_pre4-latest": "10.12.2.1149",
    "1.7.10-latest": "10.13.4.1614",
    "1.7.10-recommended": "10.13.4.1614",
    "1.8-latest": "11.14.4.1577",
    "1.8-recommended": "11.14.4.1563",
    "1.8.8-latest": "11.15.0.1655",
    "1.8.9-latest": "11.15.1.2318",
    "1.8.9-recommended": "11.15.1.2318",
    "1.9-latest": "12.16.1.1938",
    "1.9-recommended": "12.16.1.1887",
    "1.9.4-latest": "12.17.0.2317",
    "1.9.4-recommended": "12.17.0.2317",
    "1.10-latest": "12.18.0.2000",
    "1.10.2-latest": "12.18.3.2511",
    "1.10.2-recommended": "12.18.3.2511",
    "1.11-latest": "13.19.1.2199",
    "1.11-recommended": "13.19.1.2189",
    "1.11.2-latest": "13.20.1.2588",
    "1.11.2-recommended": "13.20.1.2588",
    "1.12-latest": "14.21.1.2443",
    "1.12-recommended": "14.21.1.2387",
    "1.12.1-latest": "14.22.1.2485",
    "1.12.1-recommended": "14.22.1.2478",
    "1.12.2-latest": "14.23.5.2860",
    "1.12.2-recommended": "14.23.5.2859",
    "1.13.2-latest": "25.0.223",
    "1.14.2-latest": "26.0.63",
    "1.14.3-latest": "27.0.60",
    "1.14.4-latest": "28.2.26",
    "1.14.4-recommended": "28.2.26",
    "1.15-latest": "29.0.4",
    "1.15.1-latest": "30.0.51",
    "1.15.2-latest": "31.2.60",
    "1.15.2-recommended": "31.2.57",
    "1.16.1-latest": "32.0.108",
    "1.16.2-latest": "33.0.61",
    "1.16.3-latest": "34.1.42",
    "1.16.3-recommended": "34.1.0",
    "1.16.4-latest": "35.1.37",
    "1.16.4-recommended": "35.1.4",
    "1.16.5-latest": "36.2.42",
    "1.16.5-recommended": "36.2.34",
    "1.17.1-latest": "37.1.1",
    "1.17.1-recommended": "37.1.1",
    "1.18-latest": "38.0.17",
    "1.18.1-latest": "39.1.2",
    "1.18.1-recommended": "39.1.0",
    "1.18.2-recommended": "40.3.0",
    "1.18.2-latest": "40.3.11",
    "1.19-latest": "41.1.0",
    "1.19-recommended": "41.1.0",
    "1.19.1-latest": "42.0.9",
    "1.19.2-recommended": "43.5.0",
    "1.19.2-latest": "43.5.1",
    "1.19.3-latest": "44.1.23",
    "1.19.3-recommended": "44.1.0",
    "1.19.4-recommended": "45.4.0",
    "1.19.4-latest": "45.4.2",
    "1.20-latest": "46.0.14",
    "1.20.1-recommended": "47.4.0",
    "1.20.1-latest": "47.4.10",
    "1.20.2-latest": "48.1.0",
    "1.20.2-recommended": "48.1.0",
    "1.20.3-latest": "49.0.2",
    "1.20.4-latest": "49.2.2",
    "1.20.4-recommended": "49.2.0",
    "1.20.6-latest": "50.2.2",
    "1.20.6-recommended": "50.2.0",
    "1.21-latest": "51.0.33",
    "1.21.1-latest": "52.1.6",
    "1.21.1-recommended": "52.1.0",
    "1.21.3-latest": "53.1.4",
    "1.21.3-recommended": "53.1.0",
    "1.21.4-latest": "54.1.8",
    "1.21.4-recommended": "54.1.0",
    "1.21.5-latest": "55.1.2",
    "1.21.5-recommended": "55.1.0",
    "1.21.6-latest": "56.0.9",
    "1.21.7-latest": "57.0.3",
    "1.21.8-latest": "58.1.7",
    "1.21.8-recommended": "58.1.0",
    "1.21.9-latest": "59.0.5",
    "1.21.10-latest": "60.0.15"
  }
}
[0511月2025 15:34:25.358] [Forge Version Check/INFO] [net.minecraftforge.fml.VersionChecker/]: [forge] Found status: AHEAD Current: 47.4.10 Target: null
[0511月2025 15:34:25.683] [Render thread/DEBUG] [net.minecraftforge.common.ForgeI18n/CORE]: Loading I18N data entries: 6437
[0511月2025 15:34:25.706] [Render thread/WARN] [net.minecraft.client.sounds.SoundEngine/]: Missing sound for event: minecraft:item.goat_horn.play
[0511月2025 15:34:25.707] [Render thread/WARN] [net.minecraft.client.sounds.SoundEngine/]: Missing sound for event: minecraft:entity.goat.screaming.horn_break
[0511月2025 15:34:25.747] [Render thread/INFO] [com.mojang.blaze3d.audio.Library/]: OpenAL initialized on device USB Audio Device 模拟立体声
[0511月2025 15:34:25.748] [Render thread/INFO] [net.minecraft.client.sounds.SoundEngine/SOUNDS]: Sound engine started
[0511月2025 15:34:25.857] [Render thread/INFO] [net.minecraft.client.renderer.texture.TextureAtlas/]: Created: 1024x512x4 minecraft:textures/atlas/blocks.png-atlas
[0511月2025 15:34:25.913] [Render thread/INFO] [net.minecraft.client.renderer.texture.TextureAtlas/]: Created: 256x256x4 minecraft:textures/atlas/signs.png-atlas
[0511月2025 15:34:25.914] [Render thread/INFO] [net.minecraft.client.renderer.texture.TextureAtlas/]: Created: 512x512x4 minecraft:textures/atlas/banner_patterns.png-atlas
[0511月2025 15:34:25.917] [Render thread/INFO] [net.minecraft.client.renderer.texture.TextureAtlas/]: Created: 512x512x4 minecraft:textures/atlas/shield_patterns.png-atlas
[0511月2025 15:34:25.919] [Render thread/INFO] [net.minecraft.client.renderer.texture.TextureAtlas/]: Created: 1024x1024x4 minecraft:textures/atlas/armor_trims.png-atlas
[0511月2025 15:34:25.931] [Render thread/INFO] [net.minecraft.client.renderer.texture.TextureAtlas/]: Created: 128x64x4 minecraft:textures/atlas/decorated_pot.png-atlas
[0511月2025 15:34:25.932] [Render thread/INFO] [net.minecraft.client.renderer.texture.TextureAtlas/]: Created: 256x256x4 minecraft:textures/atlas/chest.png-atlas
[0511月2025 15:34:25.932] [Render thread/INFO] [net.minecraft.client.renderer.texture.TextureAtlas/]: Created: 512x256x4 minecraft:textures/atlas/shulker_boxes.png-atlas
[0511月2025 15:34:25.933] [Render thread/INFO] [net.minecraft.client.renderer.texture.TextureAtlas/]: Created: 512x256x4 minecraft:textures/atlas/beds.png-atlas
[0511月2025 15:34:26.018] [Render thread/WARN] [net.minecraft.client.renderer.ShaderInstance/]: Shader rendertype_entity_translucent_emissive could not find sampler named Sampler2 in the specified shader program.
[0511月2025 15:34:26.073] [Render thread/INFO] [net.minecraft.client.renderer.texture.TextureAtlas/]: Created: 256x256x0 minecraft:textures/atlas/particles.png-atlas
[0511月2025 15:34:26.076] [Render thread/INFO] [net.minecraft.client.renderer.texture.TextureAtlas/]: Created: 256x256x0 minecraft:textures/atlas/paintings.png-atlas
[0511月2025 15:34:26.076] [Render thread/INFO] [net.minecraft.client.renderer.texture.TextureAtlas/]: Created: 128x128x0 minecraft:textures/atlas/mob_effects.png-atlas
[0511月2025 15:34:29.398] [Render thread/DEBUG] [net.minecraftforge.server.ServerLifecycleHooks/CORE]: Generating PackInfo named mod:forge for mod file /home/xiyu/.local/share/SJMCL/.minecraft/libraries/net/minecraftforge/forge/1.20.1-47.4.10/forge-1.20.1-47.4.10-universal.jar
[0511月2025 15:34:29.398] [Render thread/DEBUG] [net.minecraftforge.server.ServerLifecycleHooks/CORE]: Generating PackInfo named mod:copper_friend_backport for mod file /home/xiyu/.local/share/SJMCL/.minecraft/versions/1.20.1-Forge/mods/copper_friend_backport-1.0.jar
[0511月2025 15:34:29.759] [Render thread/DEBUG] [net.minecraftforge.coremod.transformer.CoreModBaseTransformer/COREMOD]: Transforming net/minecraft/server/commands/SummonCommand
[0511月2025 15:34:29.875] [Worker-Main-15/DEBUG] [net.minecraftforge.coremod.transformer.CoreModBaseTransformer/COREMOD]: Transforming net/minecraft/world/entity/raid/Raid
[0511月2025 15:34:29.964] [Render thread/INFO] [net.minecraft.world.item.crafting.RecipeManager/]: Loaded 7 recipes
[0511月2025 15:34:30.014] [Render thread/INFO] [net.minecraft.advancements.AdvancementList/]: Loaded 1271 advancements
[0511月2025 15:34:30.185] [Render thread/DEBUG] [net.minecraftforge.common.ForgeHooks/WP]: Gathering id map for writing to world save New World
[0511月2025 15:34:30.193] [Render thread/DEBUG] [net.minecraftforge.common.ForgeHooks/WP]: ID Map collection complete New World
[0511月2025 15:34:30.218] [Server thread/INFO] [net.minecraft.client.server.IntegratedServer/]: Starting integrated minecraft server version 1.20.1
[0511月2025 15:34:30.218] [Server thread/INFO] [net.minecraft.server.MinecraftServer/]: Generating keypair
[0511月2025 15:34:30.282] [Server thread/DEBUG] [net.minecraftforge.fml.config.ConfigTracker/CONFIG]: Loading configs type SERVER
[0511月2025 15:34:30.282] [Server thread/DEBUG] [net.minecraftforge.fml.config.ConfigFileTypeHandler/CONFIG]: Built TOML config for /home/xiyu/.local/share/SJMCL/.minecraft/versions/1.20.1-Forge/saves/New World/serverconfig/forge-server.toml
[0511月2025 15:34:30.283] [Server thread/DEBUG] [net.minecraftforge.fml.config.ConfigFileTypeHandler/CONFIG]: Loaded TOML config file /home/xiyu/.local/share/SJMCL/.minecraft/versions/1.20.1-Forge/saves/New World/serverconfig/forge-server.toml
[0511月2025 15:34:30.283] [Server thread/DEBUG] [net.minecraftforge.fml.config.ConfigFileTypeHandler/CONFIG]: Watching TOML config file /home/xiyu/.local/share/SJMCL/.minecraft/versions/1.20.1-Forge/saves/New World/serverconfig/forge-server.toml for changes
[0511月2025 15:34:30.283] [Server thread/DEBUG] [net.minecraftforge.common.ForgeConfig/FORGEMOD]: Loaded forge config file forge-server.toml
[0511月2025 15:34:30.283] [Thread-3/DEBUG] [net.minecraftforge.fml.config.ConfigFileTypeHandler/CONFIG]: Config file forge-server.toml changed, sending notifies
[0511月2025 15:34:30.284] [Thread-3/DEBUG] [net.minecraftforge.common.ForgeConfig/FORGEMOD]: Forge config just got changed on the file system!
[0511月2025 15:34:30.284] [Thread-3/DEBUG] [net.minecraftforge.fml.config.ConfigFileTypeHandler/CONFIG]: Config file forge-server.toml changed, sending notifies
[0511月2025 15:34:30.284] [Thread-3/DEBUG] [net.minecraftforge.common.ForgeConfig/FORGEMOD]: Forge config just got changed on the file system!
[0511月2025 15:34:30.300] [Server thread/DEBUG] [net.minecraftforge.coremod.transformer.CoreModBaseTransformer/COREMOD]: Transforming net/minecraft/world/level/levelgen/PhantomSpawner
[0511月2025 15:34:30.303] [Server thread/DEBUG] [net.minecraftforge.coremod.transformer.CoreModBaseTransformer/COREMOD]: Transforming net/minecraft/world/level/levelgen/PatrolSpawner
[0511月2025 15:34:30.305] [Server thread/DEBUG] [net.minecraftforge.coremod.transformer.CoreModBaseTransformer/COREMOD]: Transforming net/minecraft/world/entity/npc/CatSpawner
[0511月2025 15:34:30.308] [Server thread/DEBUG] [net.minecraftforge.coremod.transformer.CoreModBaseTransformer/COREMOD]: Transforming net/minecraft/world/entity/ai/village/VillageSiege
[0511月2025 15:34:30.399] [Server thread/INFO] [net.minecraft.server.MinecraftServer/]: Preparing start region for dimension minecraft:overworld
[0511月2025 15:34:31.449] [Server thread/DEBUG] [net.minecraftforge.coremod.transformer.CoreModBaseTransformer/COREMOD]: Transforming net/minecraft/world/level/levelgen/structure/templatesystem/StructureTemplate
[0511月2025 15:34:31.801] [Render thread/INFO] [net.minecraft.server.level.progress.LoggerChunkProgressListener/]: Preparing spawn area: 0%
[0511月2025 15:34:31.802] [Render thread/INFO] [net.minecraft.server.level.progress.LoggerChunkProgressListener/]: Preparing spawn area: 0%
[0511月2025 15:34:31.802] [Render thread/INFO] [net.minecraft.server.level.progress.LoggerChunkProgressListener/]: Preparing spawn area: 0%
[0511月2025 15:34:31.917] [Render thread/INFO] [net.minecraft.server.level.progress.LoggerChunkProgressListener/]: Preparing spawn area: 0%
[0511月2025 15:34:32.411] [Render thread/INFO] [net.minecraft.server.level.progress.LoggerChunkProgressListener/]: Preparing spawn area: 62%
[0511月2025 15:34:32.534] [Server thread/INFO] [net.minecraftforge.server.permission.PermissionAPI/]: Successfully initialized permission handler forge:default_handler
[0511月2025 15:34:32.551] [Render thread/INFO] [net.minecraft.server.level.progress.LoggerChunkProgressListener/]: Time elapsed: 2148 ms
[0511月2025 15:34:32.573] [Server thread/DEBUG] [io.netty.buffer.AbstractByteBuf/]: -Dio.netty.buffer.checkAccessible: true
[0511月2025 15:34:32.574] [Server thread/DEBUG] [io.netty.buffer.AbstractByteBuf/]: -Dio.netty.buffer.checkBounds: true
[0511月2025 15:34:32.574] [Server thread/DEBUG] [io.netty.util.ResourceLeakDetectorFactory/]: Loaded default ResourceLeakDetector: io.netty.util.ResourceLeakDetector@41f77fd1
[0511月2025 15:34:32.588] [Server thread/DEBUG] [net.minecraftforge.coremod.transformer.CoreModBaseTransformer/COREMOD]: Transforming net/minecraft/world/level/NaturalSpawner
[0511月2025 15:34:32.619] [Server thread/INFO] [net.minecraft.client.server.IntegratedServer/]: Changing view distance to 12, from 10
[0511月2025 15:34:32.621] [Server thread/INFO] [net.minecraft.client.server.IntegratedServer/]: Changing simulation distance to 12, from 0
[0511月2025 15:34:32.639] [Render thread/DEBUG] [io.netty.channel.MultithreadEventLoopGroup/]: -Dio.netty.eventLoopThreads: 48
[0511月2025 15:34:32.649] [Render thread/DEBUG] [io.netty.util.internal.InternalThreadLocalMap/]: -Dio.netty.threadLocalMap.stringBuilder.initialSize: 1024
[0511月2025 15:34:32.649] [Render thread/DEBUG] [io.netty.util.internal.InternalThreadLocalMap/]: -Dio.netty.threadLocalMap.stringBuilder.maxSize: 4096
[0511月2025 15:34:32.652] [Render thread/DEBUG] [io.netty.channel.nio.NioEventLoop/]: -Dio.netty.noKeySetOptimization: false
[0511月2025 15:34:32.653] [Render thread/DEBUG] [io.netty.channel.nio.NioEventLoop/]: -Dio.netty.selectorAutoRebuildThreshold: 512
[0511月2025 15:34:32.656] [Render thread/DEBUG] [io.netty.util.internal.PlatformDependent/]: org.jctools-core.MpscChunkedArrayQueue: available
[0511月2025 15:34:32.665] [Render thread/DEBUG] [io.netty.channel.DefaultChannelId/]: -Dio.netty.processId: 2166874 (auto-detected)
[0511月2025 15:34:32.666] [Render thread/WARN] [io.netty.util.internal.SystemPropertyUtil/]: Unable to parse the boolean system property 'java.net.preferIPv6Addresses':system - using the default value: false
[0511月2025 15:34:32.667] [Render thread/DEBUG] [io.netty.util.NetUtil/]: -Djava.net.preferIPv4Stack: false
[0511月2025 15:34:32.667] [Render thread/DEBUG] [io.netty.util.NetUtil/]: -Djava.net.preferIPv6Addresses: false
[0511月2025 15:34:32.668] [Render thread/DEBUG] [io.netty.util.NetUtilInitializations/]: Loopback interface: lo (lo, 0:0:0:0:0:0:0:1%lo)
[0511月2025 15:34:32.669] [Render thread/DEBUG] [io.netty.util.NetUtil/]: /proc/sys/net/core/somaxconn: 4096
[0511月2025 15:34:32.670] [Render thread/DEBUG] [io.netty.channel.DefaultChannelId/]: -Dio.netty.machineId: 98:fe:3e:ff:fe:21:f9:35 (auto-detected)
[0511月2025 15:34:32.681] [Render thread/DEBUG] [io.netty.buffer.PooledByteBufAllocator/]: -Dio.netty.allocator.numHeapArenas: 48
[0511月2025 15:34:32.681] [Render thread/DEBUG] [io.netty.buffer.PooledByteBufAllocator/]: -Dio.netty.allocator.numDirectArenas: 48
[0511月2025 15:34:32.681] [Render thread/DEBUG] [io.netty.buffer.PooledByteBufAllocator/]: -Dio.netty.allocator.pageSize: 8192
[0511月2025 15:34:32.681] [Render thread/DEBUG] [io.netty.buffer.PooledByteBufAllocator/]: -Dio.netty.allocator.maxOrder: 9
[0511月2025 15:34:32.681] [Render thread/DEBUG] [io.netty.buffer.PooledByteBufAllocator/]: -Dio.netty.allocator.chunkSize: 4194304
[0511月2025 15:34:32.681] [Render thread/DEBUG] [io.netty.buffer.PooledByteBufAllocator/]: -Dio.netty.allocator.smallCacheSize: 256
[0511月2025 15:34:32.681] [Render thread/DEBUG] [io.netty.buffer.PooledByteBufAllocator/]: -Dio.netty.allocator.normalCacheSize: 64
[0511月2025 15:34:32.681] [Render thread/DEBUG] [io.netty.buffer.PooledByteBufAllocator/]: -Dio.netty.allocator.maxCachedBufferCapacity: 32768
[0511月2025 15:34:32.681] [Render thread/DEBUG] [io.netty.buffer.PooledByteBufAllocator/]: -Dio.netty.allocator.cacheTrimInterval: 8192
[0511月2025 15:34:32.682] [Render thread/DEBUG] [io.netty.buffer.PooledByteBufAllocator/]: -Dio.netty.allocator.cacheTrimIntervalMillis: 0
[0511月2025 15:34:32.682] [Render thread/DEBUG] [io.netty.buffer.PooledByteBufAllocator/]: -Dio.netty.allocator.useCacheForAllThreads: false
[0511月2025 15:34:32.682] [Render thread/DEBUG] [io.netty.buffer.PooledByteBufAllocator/]: -Dio.netty.allocator.maxCachedByteBuffersPerChunk: 1023
[0511月2025 15:34:32.689] [Render thread/DEBUG] [io.netty.buffer.ByteBufUtil/]: -Dio.netty.allocator.type: pooled
[0511月2025 15:34:32.689] [Render thread/DEBUG] [io.netty.buffer.ByteBufUtil/]: -Dio.netty.threadLocalDirectBufferSize: 0
[0511月2025 15:34:32.689] [Render thread/DEBUG] [io.netty.buffer.ByteBufUtil/]: -Dio.netty.maxThreadLocalCharBufferSize: 16384
[0511月2025 15:34:32.708] [Netty Local Client IO #0/DEBUG] [net.minecraftforge.network.HandshakeHandler/FMLHANDSHAKE]: Starting local connection.
[0511月2025 15:34:32.779] [Netty Local Client IO #0/DEBUG] [io.netty.util.Recycler/]: -Dio.netty.recycler.maxCapacityPerThread: 4096
[0511月2025 15:34:32.779] [Netty Local Client IO #0/DEBUG] [io.netty.util.Recycler/]: -Dio.netty.recycler.ratio: 8
[0511月2025 15:34:32.779] [Netty Local Client IO #0/DEBUG] [io.netty.util.Recycler/]: -Dio.netty.recycler.chunkSize: 32
[0511月2025 15:34:32.779] [Netty Local Client IO #0/DEBUG] [io.netty.util.Recycler/]: -Dio.netty.recycler.blocking: false
[0511月2025 15:34:32.786] [Netty Server IO #1/DEBUG] [net.minecraftforge.network.HandshakeHandler/FMLHANDSHAKE]: Starting local connection.
[0511月2025 15:34:32.796] [Server thread/DEBUG] [net.minecraftforge.network.HandshakeHandler/FMLHANDSHAKE]: Sending ticking packet info 'net.minecraftforge.network.HandshakeMessages$S2CModData' to 'fml:handshake' sequence 0
[0511月2025 15:34:32.799] [Netty Local Client IO #0/DEBUG] [net.minecraftforge.network.LoginWrapper/FMLHANDSHAKE]: Recieved login wrapper packet event for channel fml:handshake with index 0
[0511月2025 15:34:32.831] [Server thread/DEBUG] [net.minecraftforge.network.HandshakeHandler/FMLHANDSHAKE]: Sending ticking packet info 'net.minecraftforge.network.HandshakeMessages$S2CModList' to 'fml:handshake' sequence 1
[0511月2025 15:34:32.831] [Netty Local Client IO #0/DEBUG] [net.minecraftforge.network.LoginWrapper/FMLHANDSHAKE]: Recieved login wrapper packet event for channel fml:handshake with index 1
[0511月2025 15:34:32.832] [Netty Local Client IO #0/DEBUG] [net.minecraftforge.network.HandshakeHandler/FMLHANDSHAKE]: Logging into server with mod list [minecraft, forge, copper_friend_backport]
[0511月2025 15:34:32.833] [Netty Local Client IO #0/DEBUG] [net.minecraftforge.network.NetworkRegistry/NETREGISTRY]: Channel 'fml:loginwrapper' : Version test of 'FML3' from server : ACCEPTED
[0511月2025 15:34:32.833] [Netty Local Client IO #0/DEBUG] [net.minecraftforge.network.NetworkRegistry/NETREGISTRY]: Channel 'forge:tier_sorting' : Version test of '1.0' from server : ACCEPTED
[0511月2025 15:34:32.833] [Netty Local Client IO #0/DEBUG] [net.minecraftforge.network.NetworkRegistry/NETREGISTRY]: Channel 'fml:handshake' : Version test of 'FML3' from server : ACCEPTED
[0511月2025 15:34:32.833] [Netty Local Client IO #0/DEBUG] [net.minecraftforge.network.NetworkRegistry/NETREGISTRY]: Channel 'minecraft:unregister' : Version test of 'FML3' from server : ACCEPTED
[0511月2025 15:34:32.833] [Netty Local Client IO #0/DEBUG] [net.minecraftforge.network.NetworkRegistry/NETREGISTRY]: Channel 'fml:play' : Version test of 'FML3' from server : ACCEPTED
[0511月2025 15:34:32.833] [Netty Local Client IO #0/DEBUG] [net.minecraftforge.network.NetworkRegistry/NETREGISTRY]: Channel 'minecraft:register' : Version test of 'FML3' from server : ACCEPTED
[0511月2025 15:34:32.833] [Netty Local Client IO #0/DEBUG] [net.minecraftforge.network.NetworkRegistry/NETREGISTRY]: Channel 'forge:split' : Version test of '1.1' from server : ACCEPTED
[0511月2025 15:34:32.833] [Netty Local Client IO #0/DEBUG] [net.minecraftforge.network.NetworkRegistry/NETREGISTRY]: Accepting channel list from server
[0511月2025 15:34:32.834] [Netty Local Client IO #0/DEBUG] [net.minecraftforge.network.LoginWrapper/FMLHANDSHAKE]: Dispatching wrapped packet reply for channel fml:handshake with index 1
[0511月2025 15:34:32.834] [Netty Local Client IO #0/DEBUG] [net.minecraftforge.network.HandshakeHandler/FMLHANDSHAKE]: Accepted server connection
[0511月2025 15:34:32.834] [Netty Server IO #1/DEBUG] [net.minecraftforge.network.LoginWrapper/FMLHANDSHAKE]: Recieved login wrapper packet event for channel fml:handshake with index 1
[0511月2025 15:34:32.834] [Netty Server IO #1/DEBUG] [net.minecraftforge.network.HandshakeHandler/FMLHANDSHAKE]: Received client indexed reply 1 of type net.minecraftforge.network.HandshakeMessages$C2SModListReply
[0511月2025 15:34:32.835] [Netty Server IO #1/DEBUG] [net.minecraftforge.network.HandshakeHandler/FMLHANDSHAKE]: Received client connection with modlist [minecraft, forge, copper_friend_backport]
[0511月2025 15:34:32.835] [Netty Server IO #1/DEBUG] [net.minecraftforge.network.NetworkRegistry/NETREGISTRY]: Channel 'fml:loginwrapper' : Version test of 'FML3' from client : ACCEPTED
[0511月2025 15:34:32.835] [Netty Server IO #1/DEBUG] [net.minecraftforge.network.NetworkRegistry/NETREGISTRY]: Channel 'forge:tier_sorting' : Version test of '1.0' from client : ACCEPTED
[0511月2025 15:34:32.835] [Netty Server IO #1/DEBUG] [net.minecraftforge.network.NetworkRegistry/NETREGISTRY]: Channel 'fml:handshake' : Version test of 'FML3' from client : ACCEPTED
[0511月2025 15:34:32.835] [Netty Server IO #1/DEBUG] [net.minecraftforge.network.NetworkRegistry/NETREGISTRY]: Channel 'minecraft:unregister' : Version test of 'FML3' from client : ACCEPTED
[0511月2025 15:34:32.835] [Netty Server IO #1/DEBUG] [net.minecraftforge.network.NetworkRegistry/NETREGISTRY]: Channel 'fml:play' : Version test of 'FML3' from client : ACCEPTED
[0511月2025 15:34:32.835] [Netty Server IO #1/DEBUG] [net.minecraftforge.network.NetworkRegistry/NETREGISTRY]: Channel 'minecraft:register' : Version test of 'FML3' from client : ACCEPTED
[0511月2025 15:34:32.835] [Netty Server IO #1/DEBUG] [net.minecraftforge.network.NetworkRegistry/NETREGISTRY]: Channel 'forge:split' : Version test of '1.1' from client : ACCEPTED
[0511月2025 15:34:32.835] [Netty Server IO #1/DEBUG] [net.minecraftforge.network.NetworkRegistry/NETREGISTRY]: Accepting channel list from client
[0511月2025 15:34:32.835] [Netty Server IO #1/DEBUG] [net.minecraftforge.network.HandshakeHandler/FMLHANDSHAKE]: Accepted client connection mod list
[0511月2025 15:34:32.876] [Server thread/DEBUG] [net.minecraftforge.network.HandshakeHandler/FMLHANDSHAKE]: Sending ticking packet info 'Config forge-server.toml' to 'fml:handshake' sequence 2
[0511月2025 15:34:32.876] [Netty Local Client IO #0/DEBUG] [net.minecraftforge.network.LoginWrapper/FMLHANDSHAKE]: Recieved login wrapper packet event for channel fml:handshake with index 2
[0511月2025 15:34:32.877] [Netty Local Client IO #0/DEBUG] [net.minecraftforge.network.HandshakeHandler/FMLHANDSHAKE]: Received config sync from server
[0511月2025 15:34:32.877] [Netty Local Client IO #0/DEBUG] [net.minecraftforge.network.LoginWrapper/FMLHANDSHAKE]: Dispatching wrapped packet reply for channel fml:handshake with index 2
[0511月2025 15:34:32.877] [Netty Server IO #1/DEBUG] [net.minecraftforge.network.LoginWrapper/FMLHANDSHAKE]: Recieved login wrapper packet event for channel fml:handshake with index 2
[0511月2025 15:34:32.877] [Netty Server IO #1/DEBUG] [net.minecraftforge.network.HandshakeHandler/FMLHANDSHAKE]: Received client indexed reply 2 of type net.minecraftforge.network.HandshakeMessages$C2SAcknowledge
[0511月2025 15:34:32.877] [Netty Server IO #1/DEBUG] [net.minecraftforge.network.HandshakeHandler/FMLHANDSHAKE]: Received acknowledgement from client
[0511月2025 15:34:32.912] [Server thread/DEBUG] [net.minecraftforge.network.HandshakeHandler/FMLHANDSHAKE]: Handshake complete!
[0511月2025 15:34:32.952] [Netty Local Client IO #0/INFO] [net.minecraftforge.network.NetworkHooks/]: Connected to a modded server.
[0511月2025 15:34:32.977] [Server thread/INFO] [net.minecraft.server.players.PlayerList/]: God_xiyu[local:E:80e640f9] logged in with entity id 97 at (1.1392994415538946, -56.716465510188705, 17.51987605953922)
[0511月2025 15:34:33.008] [Server thread/INFO] [net.minecraft.server.MinecraftServer/]: God_xiyu joined the game
[0511月2025 15:34:33.231] [IO-Worker-26/ERROR] [net.minecraft.client.quickplay.QuickPlayLog/]: Failed to delete quickplay log file /home/xiyu/.local/share/SJMCL/.minecraft/versions/1.20.1-Forge
java.nio.file.DirectoryNotEmptyException: /home/xiyu/.local/share/SJMCL/.minecraft/versions/1.20.1-Forge
	at sun.nio.fs.UnixFileSystemProvider.implDelete(UnixFileSystemProvider.java:246) ~[?:?]
	at sun.nio.fs.AbstractFileSystemProvider.deleteIfExists(AbstractFileSystemProvider.java:110) ~[?:?]
	at java.nio.file.Files.deleteIfExists(Files.java:1191) ~[?:?]
	at net.minecraft.client.quickplay.QuickPlayLog.m_278666_(QuickPlayLog.java:66) ~[client-1.20.1-20230612.114412-srg.jar%23148!/:?]
	at java.util.concurrent.ThreadPoolExecutor.runWorker(ThreadPoolExecutor.java:1136) ~[?:?]
	at java.util.concurrent.ThreadPoolExecutor$Worker.run(ThreadPoolExecutor.java:635) ~[?:?]
	at java.lang.Thread.run(Thread.java:840) ~[?:?]
[0511月2025 15:34:33.234] [IO-Worker-26/ERROR] [net.minecraft.client.quickplay.QuickPlayLog/]: Failed to write to quickplay log file /home/xiyu/.local/share/SJMCL/.minecraft/versions/1.20.1-Forge
java.nio.file.FileSystemException: /home/xiyu/.local/share/SJMCL/.minecraft/versions/1.20.1-Forge: 是一个目录
	at sun.nio.fs.UnixException.translateToIOException(UnixException.java:100) ~[?:?]
	at sun.nio.fs.UnixException.rethrowAsIOException(UnixException.java:106) ~[?:?]
	at sun.nio.fs.UnixException.rethrowAsIOException(UnixException.java:111) ~[?:?]
	at sun.nio.fs.UnixFileSystemProvider.newByteChannel(UnixFileSystemProvider.java:218) ~[?:?]
	at java.nio.file.spi.FileSystemProvider.newOutputStream(FileSystemProvider.java:484) ~[?:?]
	at java.nio.file.Files.newOutputStream(Files.java:228) ~[?:?]
	at java.nio.file.Files.write(Files.java:3512) ~[?:?]
	at java.nio.file.Files.writeString(Files.java:3734) ~[?:?]
	at java.nio.file.Files.writeString(Files.java:3674) ~[?:?]
	at net.minecraft.client.quickplay.QuickPlayLog.m_278671_(QuickPlayLog.java:78) ~[client-1.20.1-20230612.114412-srg.jar%23148!/:?]
	at java.util.Optional.ifPresent(Optional.java:178) ~[?:?]
	at net.minecraft.client.quickplay.QuickPlayLog.m_278666_(QuickPlayLog.java:75) ~[client-1.20.1-20230612.114412-srg.jar%23148!/:?]
	at java.util.concurrent.ThreadPoolExecutor.runWorker(ThreadPoolExecutor.java:1136) ~[?:?]
	at java.util.concurrent.ThreadPoolExecutor$Worker.run(ThreadPoolExecutor.java:635) ~[?:?]
	at java.lang.Thread.run(Thread.java:840) ~[?:?]
[0511月2025 15:34:33.411] [Render thread/INFO] [net.minecraft.advancements.AdvancementList/]: Loaded 2 advancements
[0511月2025 15:34:34.263] [Server thread/ERROR] [net.minecraft.network.protocol.PacketUtils/]: Failed to handle packet net.minecraft.network.protocol.game.ServerboundUseItemOnPacket@51ca7582, suppressing error
java.lang.IllegalArgumentException: Unregistered serializer org.xiyu.yee.copper_friend_backport.registry.EntityDataSerializers$1@1fdedeab for 16!
	at net.minecraft.network.syncher.SynchedEntityData.m_135372_(SynchedEntityData.java:84) ~[client-1.20.1-20230612.114412-srg.jar%23148!/:?]
	at org.xiyu.yee.copper_friend_backport.coppergolem.CopperGolem.m_8097_(CopperGolem.java:170) ~[copper_friend_backport-1.0.jar%23147!/:1.0]
	at net.minecraft.world.entity.Entity.<init>(Entity.java:259) ~[client-1.20.1-20230612.114412-srg.jar%23148!/:?]
	at net.minecraft.world.entity.LivingEntity.<init>(LivingEntity.java:233) ~[client-1.20.1-20230612.114412-srg.jar%23148!/:?]
	at net.minecraft.world.entity.Mob.<init>(Mob.java:123) ~[client-1.20.1-20230612.114412-srg.jar%23148!/:?]
	at net.minecraft.world.entity.PathfinderMob.<init>(PathfinderMob.java:14) ~[client-1.20.1-20230612.114412-srg.jar%23148!/:?]
	at net.minecraft.world.entity.animal.AbstractGolem.<init>(AbstractGolem.java:13) ~[client-1.20.1-20230612.114412-srg.jar%23148!/:?]
	at org.xiyu.yee.copper_friend_backport.coppergolem.CopperGolem.<init>(CopperGolem.java:90) ~[copper_friend_backport-1.0.jar%23147!/:1.0]
	at net.minecraft.world.entity.EntityType.m_20615_(EntityType.java:525) ~[client-1.20.1-20230612.114412-srg.jar%23148!/:?]
	at net.minecraft.world.entity.EntityType.m_262451_(EntityType.java:403) ~[client-1.20.1-20230612.114412-srg.jar%23148!/:?]
	at net.minecraft.world.entity.EntityType.m_262455_(EntityType.java:393) ~[client-1.20.1-20230612.114412-srg.jar%23148!/:?]
	at net.minecraft.world.entity.EntityType.m_20592_(EntityType.java:361) ~[client-1.20.1-20230612.114412-srg.jar%23148!/:?]
	at net.minecraft.world.item.SpawnEggItem.m_6225_(SpawnEggItem.java:85) ~[client-1.20.1-20230612.114412-srg.jar%23148!/:?]
	at net.minecraftforge.common.ForgeHooks.onPlaceItemIntoWorld(ForgeHooks.java:586) ~[forge-1.20.1-47.4.10-universal.jar%23153!/:?]
	at net.minecraft.world.item.ItemStack.m_41661_(ItemStack.java:245) ~[client-1.20.1-20230612.114412-srg.jar%23148!/:?]
	at net.minecraft.server.level.ServerPlayerGameMode.m_7179_(ServerPlayerGameMode.java:363) ~[client-1.20.1-20230612.114412-srg.jar%23148!/:?]
	at net.minecraft.server.network.ServerGamePacketListenerImpl.m_6371_(ServerGamePacketListenerImpl.java:1057) ~[client-1.20.1-20230612.114412-srg.jar%23148!/:?]
	at net.minecraft.network.protocol.game.ServerboundUseItemOnPacket.m_5797_(ServerboundUseItemOnPacket.java:34) ~[client-1.20.1-20230612.114412-srg.jar%23148!/:?]
	at net.minecraft.network.protocol.game.ServerboundUseItemOnPacket.m_5797_(ServerboundUseItemOnPacket.java:8) ~[client-1.20.1-20230612.114412-srg.jar%23148!/:?]
	at net.minecraft.network.protocol.PacketUtils.m_263899_(PacketUtils.java:22) ~[client-1.20.1-20230612.114412-srg.jar%23148!/:?]
	at net.minecraft.server.TickTask.run(TickTask.java:18) ~[client-1.20.1-20230612.114412-srg.jar%23148!/:?]
	at net.minecraft.util.thread.BlockableEventLoop.m_6367_(BlockableEventLoop.java:156) ~[client-1.20.1-20230612.114412-srg.jar%23148!/:?]
	at net.minecraft.util.thread.ReentrantBlockableEventLoop.m_6367_(ReentrantBlockableEventLoop.java:23) ~[client-1.20.1-20230612.114412-srg.jar%23148!/:?]
	at net.minecraft.server.MinecraftServer.m_6367_(MinecraftServer.java:770) ~[client-1.20.1-20230612.114412-srg.jar%23148!/:?]
	at net.minecraft.server.MinecraftServer.m_6367_(MinecraftServer.java:161) ~[client-1.20.1-20230612.114412-srg.jar%23148!/:?]
	at net.minecraft.util.thread.BlockableEventLoop.m_7245_(BlockableEventLoop.java:130) ~[client-1.20.1-20230612.114412-srg.jar%23148!/:?]
	at net.minecraft.server.MinecraftServer.m_129961_(MinecraftServer.java:753) ~[client-1.20.1-20230612.114412-srg.jar%23148!/:?]
	at net.minecraft.server.MinecraftServer.m_7245_(MinecraftServer.java:747) ~[client-1.20.1-20230612.114412-srg.jar%23148!/:?]
	at net.minecraft.util.thread.BlockableEventLoop.m_18699_(BlockableEventLoop.java:115) ~[client-1.20.1-20230612.114412-srg.jar%23148!/:?]
	at net.minecraft.server.MinecraftServer.m_130012_(MinecraftServer.java:732) ~[client-1.20.1-20230612.114412-srg.jar%23148!/:?]
	at net.minecraft.server.MinecraftServer.m_130011_(MinecraftServer.java:665) ~[client-1.20.1-20230612.114412-srg.jar%23148!/:?]
	at net.minecraft.server.MinecraftServer.m_206580_(MinecraftServer.java:251) ~[client-1.20.1-20230612.114412-srg.jar%23148!/:?]
	at java.lang.Thread.run(Thread.java:840) ~[?:?]
[0511月2025 15:34:34.851] [Server thread/ERROR] [net.minecraft.network.protocol.PacketUtils/]: Failed to handle packet net.minecraft.network.protocol.game.ServerboundUseItemOnPacket@50504a26, suppressing error
java.lang.IllegalArgumentException: Unregistered serializer org.xiyu.yee.copper_friend_backport.registry.EntityDataSerializers$1@1fdedeab for 16!
	at net.minecraft.network.syncher.SynchedEntityData.m_135372_(SynchedEntityData.java:84) ~[client-1.20.1-20230612.114412-srg.jar%23148!/:?]
	at org.xiyu.yee.copper_friend_backport.coppergolem.CopperGolem.m_8097_(CopperGolem.java:170) ~[copper_friend_backport-1.0.jar%23147!/:1.0]
	at net.minecraft.world.entity.Entity.<init>(Entity.java:259) ~[client-1.20.1-20230612.114412-srg.jar%23148!/:?]
	at net.minecraft.world.entity.LivingEntity.<init>(LivingEntity.java:233) ~[client-1.20.1-20230612.114412-srg.jar%23148!/:?]
	at net.minecraft.world.entity.Mob.<init>(Mob.java:123) ~[client-1.20.1-20230612.114412-srg.jar%23148!/:?]
	at net.minecraft.world.entity.PathfinderMob.<init>(PathfinderMob.java:14) ~[client-1.20.1-20230612.114412-srg.jar%23148!/:?]
	at net.minecraft.world.entity.animal.AbstractGolem.<init>(AbstractGolem.java:13) ~[client-1.20.1-20230612.114412-srg.jar%23148!/:?]
	at org.xiyu.yee.copper_friend_backport.coppergolem.CopperGolem.<init>(CopperGolem.java:90) ~[copper_friend_backport-1.0.jar%23147!/:1.0]
	at net.minecraft.world.entity.EntityType.m_20615_(EntityType.java:525) ~[client-1.20.1-20230612.114412-srg.jar%23148!/:?]
	at net.minecraft.world.entity.EntityType.m_262451_(EntityType.java:403) ~[client-1.20.1-20230612.114412-srg.jar%23148!/:?]
	at net.minecraft.world.entity.EntityType.m_262455_(EntityType.java:393) ~[client-1.20.1-20230612.114412-srg.jar%23148!/:?]
	at net.minecraft.world.entity.EntityType.m_20592_(EntityType.java:361) ~[client-1.20.1-20230612.114412-srg.jar%23148!/:?]
	at net.minecraft.world.item.SpawnEggItem.m_6225_(SpawnEggItem.java:85) ~[client-1.20.1-20230612.114412-srg.jar%23148!/:?]
	at net.minecraftforge.common.ForgeHooks.onPlaceItemIntoWorld(ForgeHooks.java:586) ~[forge-1.20.1-47.4.10-universal.jar%23153!/:?]
	at net.minecraft.world.item.ItemStack.m_41661_(ItemStack.java:245) ~[client-1.20.1-20230612.114412-srg.jar%23148!/:?]
	at net.minecraft.server.level.ServerPlayerGameMode.m_7179_(ServerPlayerGameMode.java:363) ~[client-1.20.1-20230612.114412-srg.jar%23148!/:?]
	at net.minecraft.server.network.ServerGamePacketListenerImpl.m_6371_(ServerGamePacketListenerImpl.java:1057) ~[client-1.20.1-20230612.114412-srg.jar%23148!/:?]
	at net.minecraft.network.protocol.game.ServerboundUseItemOnPacket.m_5797_(ServerboundUseItemOnPacket.java:34) ~[client-1.20.1-20230612.114412-srg.jar%23148!/:?]
	at net.minecraft.network.protocol.game.ServerboundUseItemOnPacket.m_5797_(ServerboundUseItemOnPacket.java:8) ~[client-1.20.1-20230612.114412-srg.jar%23148!/:?]
	at net.minecraft.network.protocol.PacketUtils.m_263899_(PacketUtils.java:22) ~[client-1.20.1-20230612.114412-srg.jar%23148!/:?]
	at net.minecraft.server.TickTask.run(TickTask.java:18) ~[client-1.20.1-20230612.114412-srg.jar%23148!/:?]
	at net.minecraft.util.thread.BlockableEventLoop.m_6367_(BlockableEventLoop.java:156) ~[client-1.20.1-20230612.114412-srg.jar%23148!/:?]
	at net.minecraft.util.thread.ReentrantBlockableEventLoop.m_6367_(ReentrantBlockableEventLoop.java:23) ~[client-1.20.1-20230612.114412-srg.jar%23148!/:?]
	at net.minecraft.server.MinecraftServer.m_6367_(MinecraftServer.java:770) ~[client-1.20.1-20230612.114412-srg.jar%23148!/:?]
	at net.minecraft.server.MinecraftServer.m_6367_(MinecraftServer.java:161) ~[client-1.20.1-20230612.114412-srg.jar%23148!/:?]
	at net.minecraft.util.thread.BlockableEventLoop.m_7245_(BlockableEventLoop.java:130) ~[client-1.20.1-20230612.114412-srg.jar%23148!/:?]
	at net.minecraft.server.MinecraftServer.m_129961_(MinecraftServer.java:753) ~[client-1.20.1-20230612.114412-srg.jar%23148!/:?]
	at net.minecraft.server.MinecraftServer.m_7245_(MinecraftServer.java:747) ~[client-1.20.1-20230612.114412-srg.jar%23148!/:?]
	at net.minecraft.util.thread.BlockableEventLoop.m_18699_(BlockableEventLoop.java:115) ~[client-1.20.1-20230612.114412-srg.jar%23148!/:?]
	at net.minecraft.server.MinecraftServer.m_130012_(MinecraftServer.java:732) ~[client-1.20.1-20230612.114412-srg.jar%23148!/:?]
	at net.minecraft.server.MinecraftServer.m_130011_(MinecraftServer.java:665) ~[client-1.20.1-20230612.114412-srg.jar%23148!/:?]
	at net.minecraft.server.MinecraftServer.m_206580_(MinecraftServer.java:251) ~[client-1.20.1-20230612.114412-srg.jar%23148!/:?]
	at java.lang.Thread.run(Thread.java:840) ~[?:?]
[0511月2025 15:34:42.291] [Server thread/WARN] [net.minecraft.world.entity.EntityType/]: Exception loading entity: 
java.lang.IllegalArgumentException: Unregistered serializer org.xiyu.yee.copper_friend_backport.registry.EntityDataSerializers$1@1fdedeab for 16!
	at net.minecraft.network.syncher.SynchedEntityData.m_135372_(SynchedEntityData.java:84) ~[client-1.20.1-20230612.114412-srg.jar%23148!/:?]
	at org.xiyu.yee.copper_friend_backport.coppergolem.CopperGolem.m_8097_(CopperGolem.java:170) ~[copper_friend_backport-1.0.jar%23147!/:1.0]
	at net.minecraft.world.entity.Entity.<init>(Entity.java:259) ~[client-1.20.1-20230612.114412-srg.jar%23148!/:?]
	at net.minecraft.world.entity.LivingEntity.<init>(LivingEntity.java:233) ~[client-1.20.1-20230612.114412-srg.jar%23148!/:?]
	at net.minecraft.world.entity.Mob.<init>(Mob.java:123) ~[client-1.20.1-20230612.114412-srg.jar%23148!/:?]
	at net.minecraft.world.entity.PathfinderMob.<init>(PathfinderMob.java:14) ~[client-1.20.1-20230612.114412-srg.jar%23148!/:?]
	at net.minecraft.world.entity.animal.AbstractGolem.<init>(AbstractGolem.java:13) ~[client-1.20.1-20230612.114412-srg.jar%23148!/:?]
	at org.xiyu.yee.copper_friend_backport.coppergolem.CopperGolem.<init>(CopperGolem.java:90) ~[copper_friend_backport-1.0.jar%23147!/:1.0]
	at net.minecraft.world.entity.EntityType.m_20615_(EntityType.java:525) ~[client-1.20.1-20230612.114412-srg.jar%23148!/:?]
	at net.minecraft.world.entity.EntityType.m_185996_(EntityType.java:530) ~[client-1.20.1-20230612.114412-srg.jar%23148!/:?]
	at java.util.Optional.map(Optional.java:260) ~[?:?]
	at net.minecraft.world.entity.EntityType.m_20642_(EntityType.java:529) ~[client-1.20.1-20230612.114412-srg.jar%23148!/:?]
	at net.minecraft.world.entity.EntityType.m_20669_(EntityType.java:607) ~[client-1.20.1-20230612.114412-srg.jar%23148!/:?]
	at net.minecraft.world.entity.EntityType.m_20645_(EntityType.java:563) ~[client-1.20.1-20230612.114412-srg.jar%23148!/:?]
	at net.minecraft.server.commands.SummonCommand.m_269066_(SummonCommand.java:67) ~[client-1.20.1-20230612.114412-srg.jar%23148!/:?]
	at net.minecraft.server.commands.SummonCommand.m_245828_(SummonCommand.java:86) ~[client-1.20.1-20230612.114412-srg.jar%23148!/:?]
	at net.minecraft.server.commands.SummonCommand.m_244863_(SummonCommand.java:44) ~[client-1.20.1-20230612.114412-srg.jar%23148!/:?]
	at com.mojang.brigadier.CommandDispatcher.execute(CommandDispatcher.java:264) ~[brigadier-1.1.8.jar%23106!/:?]
	at net.minecraft.commands.Commands.m_242674_(Commands.java:257) ~[client-1.20.1-20230612.114412-srg.jar%23148!/:?]
	at net.minecraft.server.network.ServerGamePacketListenerImpl.m_246958_(ServerGamePacketListenerImpl.java:1250) ~[client-1.20.1-20230612.114412-srg.jar%23148!/:?]
	at net.minecraft.server.network.ServerGamePacketListenerImpl.m_244885_(ServerGamePacketListenerImpl.java:1227) ~[client-1.20.1-20230612.114412-srg.jar%23148!/:?]
	at net.minecraft.util.thread.BlockableEventLoop.m_18693_(BlockableEventLoop.java:67) ~[client-1.20.1-20230612.114412-srg.jar%23148!/:?]
	at java.util.concurrent.CompletableFuture$AsyncSupply.run(CompletableFuture.java:1768) ~[?:?]
	at net.minecraft.server.TickTask.run(TickTask.java:18) ~[client-1.20.1-20230612.114412-srg.jar%23148!/:?]
	at net.minecraft.util.thread.BlockableEventLoop.m_6367_(BlockableEventLoop.java:156) ~[client-1.20.1-20230612.114412-srg.jar%23148!/:?]
	at net.minecraft.util.thread.ReentrantBlockableEventLoop.m_6367_(ReentrantBlockableEventLoop.java:23) ~[client-1.20.1-20230612.114412-srg.jar%23148!/:?]
	at net.minecraft.server.MinecraftServer.m_6367_(MinecraftServer.java:770) ~[client-1.20.1-20230612.114412-srg.jar%23148!/:?]
	at net.minecraft.server.MinecraftServer.m_6367_(MinecraftServer.java:161) ~[client-1.20.1-20230612.114412-srg.jar%23148!/:?]
	at net.minecraft.util.thread.BlockableEventLoop.m_7245_(BlockableEventLoop.java:130) ~[client-1.20.1-20230612.114412-srg.jar%23148!/:?]
	at net.minecraft.server.MinecraftServer.m_129961_(MinecraftServer.java:753) ~[client-1.20.1-20230612.114412-srg.jar%23148!/:?]
	at net.minecraft.server.MinecraftServer.m_7245_(MinecraftServer.java:747) ~[client-1.20.1-20230612.114412-srg.jar%23148!/:?]
	at net.minecraft.util.thread.BlockableEventLoop.m_18701_(BlockableEventLoop.java:139) ~[client-1.20.1-20230612.114412-srg.jar%23148!/:?]
	at net.minecraft.server.MinecraftServer.m_130012_(MinecraftServer.java:733) ~[client-1.20.1-20230612.114412-srg.jar%23148!/:?]
	at net.minecraft.server.MinecraftServer.m_130011_(MinecraftServer.java:665) ~[client-1.20.1-20230612.114412-srg.jar%23148!/:?]
	at net.minecraft.server.MinecraftServer.m_206580_(MinecraftServer.java:251) ~[client-1.20.1-20230612.114412-srg.jar%23148!/:?]
	at java.lang.Thread.run(Thread.java:840) ~[?:?]
[0511月2025 15:34:42.307] [Render thread/INFO] [net.minecraft.client.gui.components.ChatComponent/]: [System] [CHAT] Unable to summon entity
[0511月2025 15:34:43.633] [Server thread/INFO] [net.minecraft.client.server.IntegratedServer/]: Saving and pausing game...
[0511月2025 15:34:43.636] [Server thread/INFO] [net.minecraft.server.MinecraftServer/]: Saving chunks for level 'ServerLevel[New World]'/minecraft:overworld
[0511月2025 15:34:43.642] [Server thread/INFO] [net.minecraft.server.MinecraftServer/]: Saving chunks for level 'ServerLevel[New World]'/minecraft:the_nether
[0511月2025 15:34:43.642] [Server thread/INFO] [net.minecraft.server.MinecraftServer/]: Saving chunks for level 'ServerLevel[New World]'/minecraft:the_end
[0511月2025 15:34:43.643] [Server thread/DEBUG] [net.minecraftforge.common.ForgeHooks/WP]: Gathering id map for writing to world save New World
[0511月2025 15:34:43.649] [Server thread/DEBUG] [net.minecraftforge.common.ForgeHooks/WP]: ID Map collection complete New World
[0511月2025 15:34:44.388] [Server thread/INFO] [net.minecraft.server.network.ServerGamePacketListenerImpl/]: God_xiyu lost connection: Disconnected
[0511月2025 15:34:44.389] [Server thread/INFO] [net.minecraft.server.MinecraftServer/]: God_xiyu left the game
[0511月2025 15:34:44.391] [Server thread/INFO] [net.minecraft.server.network.ServerGamePacketListenerImpl/]: Stopping singleplayer server as player logged out
[0511月2025 15:34:44.442] [Server thread/INFO] [net.minecraft.server.MinecraftServer/]: Stopping server
[0511月2025 15:34:44.442] [Server thread/INFO] [net.minecraft.server.MinecraftServer/]: Saving players
[0511月2025 15:34:44.442] [Server thread/INFO] [net.minecraft.server.MinecraftServer/]: Saving worlds
[0511月2025 15:34:44.685] [Server thread/INFO] [net.minecraft.server.MinecraftServer/]: Saving chunks for level 'ServerLevel[New World]'/minecraft:overworld
[0511月2025 15:34:44.728] [Server thread/INFO] [net.minecraft.server.MinecraftServer/]: Saving chunks for level 'ServerLevel[New World]'/minecraft:the_nether
[0511月2025 15:34:44.729] [Server thread/INFO] [net.minecraft.server.MinecraftServer/]: Saving chunks for level 'ServerLevel[New World]'/minecraft:the_end
[0511月2025 15:34:44.730] [Server thread/DEBUG] [net.minecraftforge.common.ForgeHooks/WP]: Gathering id map for writing to world save New World
[0511月2025 15:34:44.734] [Server thread/DEBUG] [net.minecraftforge.common.ForgeHooks/WP]: ID Map collection complete New World
[0511月2025 15:34:44.742] [Server thread/INFO] [net.minecraft.server.MinecraftServer/]: ThreadedAnvilChunkStorage (New World): All chunks are saved
[0511月2025 15:34:44.742] [Server thread/INFO] [net.minecraft.server.MinecraftServer/]: ThreadedAnvilChunkStorage (DIM-1): All chunks are saved
[0511月2025 15:34:44.742] [Server thread/INFO] [net.minecraft.server.MinecraftServer/]: ThreadedAnvilChunkStorage (DIM1): All chunks are saved
[0511月2025 15:34:44.742] [Server thread/INFO] [net.minecraft.server.MinecraftServer/]: ThreadedAnvilChunkStorage: All dimensions are saved
[0511月2025 15:34:44.992] [Server thread/DEBUG] [net.minecraftforge.fml.config.ConfigTracker/CONFIG]: Unloading configs type SERVER
[0511月2025 15:35:10.977] [Render thread/INFO] [net.minecraft.client.Minecraft/]: Stopping!
